-- MySQL dump 10.13  Distrib 8.0.28, for macos11 (x86_64)
--
-- Host: localhost    Database: beep_data
-- ------------------------------------------------------
-- Server version	8.0.17

/*!40101 SET @OLD_CHARACTER_SET_CLIENT=@@CHARACTER_SET_CLIENT */;
/*!40101 SET @OLD_CHARACTER_SET_RESULTS=@@CHARACTER_SET_RESULTS */;
/*!40101 SET @OLD_COLLATION_CONNECTION=@@COLLATION_CONNECTION */;
/*!50503 SET NAMES utf8 */;
/*!40103 SET @OLD_TIME_ZONE=@@TIME_ZONE */;
/*!40103 SET TIME_ZONE='+00:00' */;
/*!40014 SET @OLD_UNIQUE_CHECKS=@@UNIQUE_CHECKS, UNIQUE_CHECKS=0 */;
/*!40014 SET @OLD_FOREIGN_KEY_CHECKS=@@FOREIGN_KEY_CHECKS, FOREIGN_KEY_CHECKS=0 */;
/*!40101 SET @OLD_SQL_MODE=@@SQL_MODE, SQL_MODE='NO_AUTO_VALUE_ON_ZERO' */;
/*!40111 SET @OLD_SQL_NOTES=@@SQL_NOTES, SQL_NOTES=0 */;

--
-- Current Database: `beep_data`
--

CREATE DATABASE /*!32312 IF NOT EXISTS*/ `beep_data` /*!40100 DEFAULT CHARACTER SET utf8 */ /*!80016 DEFAULT ENCRYPTION='N' */;

USE `beep_data`;

--
-- Table structure for table `cdata`
--

DROP TABLE IF EXISTS `cdata`;
/*!40101 SET @saved_cs_client     = @@character_set_client */;
/*!50503 SET character_set_client = utf8mb4 */;
CREATE TABLE `cdata` (
  `cid` bigint(20) NOT NULL AUTO_INCREMENT,
  `cdriving` int(11) DEFAULT NULL,
  `cstart` int(11) DEFAULT NULL,
  `cdate` text,
  `choliday` int(11) DEFAULT NULL,
  `cweather` int(11) DEFAULT NULL,
  `ctraffic1` int(11) DEFAULT NULL,
  `ctraffic2` int(11) DEFAULT NULL,
  `cspop` int(11) DEFAULT NULL,
  PRIMARY KEY (`cid`)
) ENGINE=InnoDB AUTO_INCREMENT=1683 DEFAULT CHARSET=utf8;
/*!40101 SET character_set_client = @saved_cs_client */;

--
-- Dumping data for table `cdata`
--

LOCK TABLES `cdata` WRITE;
/*!40000 ALTER TABLE `cdata` DISABLE KEYS */;
INSERT INTO `cdata` VALUES (1,97,0,'2013-02-08',3,1,3793419,229419,10388055),(2,89,0,'2013-02-08',3,1,3793419,229419,10388055),(3,93,0,'2013-02-08',3,1,3793419,229419,10388055),(4,74,0,'2013-02-08',3,1,3793419,229419,10388055),(5,94,0,'2013-02-08',3,1,3793419,229419,10388055),(6,90,0,'2013-02-08',3,1,3793419,229419,10388055),(7,86,0,'2013-02-08',3,1,3793419,229419,10388055),(8,96,0,'2013-02-08',3,1,3793419,229419,10388055),(9,85,0,'2013-02-08',3,1,3793419,229419,10388055),(10,96,0,'2013-02-08',3,1,3793419,229419,10388055),(11,89,1,'2013-02-08',3,1,2514790,203047,10388055),(12,93,1,'2013-02-08',3,1,2514790,203047,10388055),(13,79,1,'2013-02-08',3,1,2514790,203047,10388055),(14,88,1,'2013-02-08',3,1,2514790,203047,10388055),(15,84,1,'2013-02-08',3,1,2514790,203047,10388055),(16,91,1,'2013-02-08',3,1,2514790,203047,10388055),(17,85,1,'2013-02-08',3,1,2514790,203047,10388055),(18,94,1,'2013-02-08',3,1,2514790,203047,10388055),(19,83,1,'2013-02-08',3,1,2514790,203047,10388055),(20,92,1,'2013-02-08',3,1,2514790,203047,10388055),(21,104,1,'2013-02-08',3,1,2514790,203047,10388055),(22,110,1,'2013-02-08',3,1,2514790,203047,10388055),(23,86,2,'2013-02-08',3,1,1846564,235137,10388055),(24,93,2,'2013-02-08',3,1,1846564,235137,10388055),(25,87,2,'2013-02-08',3,1,1846564,235137,10388055),(26,92,2,'2013-02-08',3,1,1846564,235137,10388055),(27,82,2,'2013-02-08',3,1,1846564,235137,10388055),(28,94,2,'2013-02-08',3,1,1846564,235137,10388055),(29,85,2,'2013-02-08',3,1,1846564,235137,10388055),(30,96,2,'2013-02-08',3,1,1846564,235137,10388055),(31,91,2,'2013-02-08',3,1,1846564,235137,10388055),(32,85,2,'2013-02-08',3,1,1846564,235137,10388055),(33,90,2,'2013-02-08',3,1,1846564,235137,10388055),(34,112,2,'2013-02-08',3,1,1846564,235137,10388055),(35,140,3,'2013-02-08',3,1,1632415,305994,10388055),(36,88,3,'2013-02-08',3,1,1632415,305994,10388055),(37,84,3,'2013-02-08',3,1,1632415,305994,10388055),(38,80,3,'2013-02-08',3,1,1632415,305994,10388055),(39,92,3,'2013-02-08',3,1,1632415,305994,10388055),(40,85,3,'2013-02-08',3,1,1632415,305994,10388055),(41,91,3,'2013-02-08',3,1,1632415,305994,10388055),(42,83,3,'2013-02-08',3,1,1632415,305994,10388055),(43,96,3,'2013-02-08',3,1,1632415,305994,10388055),(44,85,3,'2013-02-08',3,1,1632415,305994,10388055),(45,90,3,'2013-02-08',3,1,1632415,305994,10388055),(46,85,3,'2013-02-08',3,1,1632415,305994,10388055),(47,95,4,'2013-02-08',3,1,2247045,444384,10388055),(48,87,4,'2013-02-08',3,1,2247045,444384,10388055),(49,109,4,'2013-02-08',3,1,2247045,444384,10388055),(50,87,4,'2013-02-08',3,1,2247045,444384,10388055),(51,95,4,'2013-02-08',3,1,2247045,444384,10388055),(52,91,4,'2013-02-08',3,1,2247045,444384,10388055),(53,97,4,'2013-02-08',3,1,2247045,444384,10388055),(54,107,4,'2013-02-08',3,1,2247045,444384,10388055),(55,104,4,'2013-02-08',3,1,2247045,444384,10388055),(56,96,4,'2013-02-08',3,1,2247045,444384,10388055),(57,103,4,'2013-02-08',3,1,2247045,444384,10388055),(58,92,4,'2013-02-08',3,1,2247045,444384,10388055),(59,125,5,'2013-02-08',3,1,5186824,774325,10388055),(60,101,5,'2013-02-08',3,1,5186824,774325,10388055),(61,96,5,'2013-02-08',3,1,5186824,774325,10388055),(62,106,5,'2013-02-08',3,1,5186824,774325,10388055),(63,96,5,'2013-02-08',3,1,5186824,774325,10388055),(64,104,5,'2013-02-08',3,1,5186824,774325,10388055),(65,98,5,'2013-02-08',3,1,5186824,774325,10388055),(66,101,5,'2013-02-08',3,1,5186824,774325,10388055),(67,105,5,'2013-02-08',3,1,5186824,774325,10388055),(68,102,5,'2013-02-08',3,1,5186824,774325,10388055),(69,92,5,'2013-02-08',3,1,5186824,774325,10388055),(70,97,5,'2013-02-08',3,1,5186824,774325,10388055),(71,101,6,'2013-02-08',3,1,10866409,1206051,10388055),(72,105,6,'2013-02-08',3,1,10866409,1206051,10388055),(73,92,6,'2013-02-08',3,1,10866409,1206051,10388055),(74,95,6,'2013-02-08',3,1,10866409,1206051,10388055),(75,88,6,'2013-02-08',3,1,10866409,1206051,10388055),(76,101,6,'2013-02-08',3,1,10866409,1206051,10388055),(77,97,6,'2013-02-08',3,1,10866409,1206051,10388055),(78,95,6,'2013-02-08',3,1,10866409,1206051,10388055),(79,99,6,'2013-02-08',3,1,10866409,1206051,10388055),(80,79,6,'2013-02-08',3,1,10866409,1206051,10388055),(81,100,6,'2013-02-08',3,1,10866409,1206051,10388055),(82,88,6,'2013-02-08',3,1,10866409,1206051,10388055),(83,89,7,'2013-02-08',3,1,15984740,1349972,10388055),(84,93,7,'2013-02-08',3,1,15984740,1349972,10388055),(85,101,7,'2013-02-08',3,1,15984740,1349972,10388055),(86,89,7,'2013-02-08',3,1,15984740,1349972,10388055),(87,99,7,'2013-02-08',3,1,15984740,1349972,10388055),(88,91,7,'2013-02-08',3,1,15984740,1349972,10388055),(89,89,7,'2013-02-08',3,1,15984740,1349972,10388055),(90,93,7,'2013-02-08',3,1,15984740,1349972,10388055),(91,87,7,'2013-02-08',3,1,15984740,1349972,10388055),(92,102,7,'2013-02-08',3,1,15984740,1349972,10388055),(93,89,7,'2013-02-08',3,1,15984740,1349972,10388055),(94,99,7,'2013-02-08',3,1,15984740,1349972,10388055),(95,82,8,'2013-02-08',3,1,17462577,1624836,10388055),(96,87,8,'2013-02-08',3,1,17462577,1624836,10388055),(97,88,8,'2013-02-08',3,1,17462577,1624836,10388055),(98,88,8,'2013-02-08',3,1,17462577,1624836,10388055),(99,90,8,'2013-02-08',3,1,17462577,1624836,10388055),(100,138,8,'2013-02-08',3,1,17462577,1624836,10388055),(101,90,8,'2013-02-08',3,1,17462577,1624836,10388055),(102,92,8,'2013-02-08',3,1,17462577,1624836,10388055),(103,98,8,'2013-02-08',3,1,17462577,1624836,10388055),(104,86,8,'2013-02-08',3,1,17462577,1624836,10388055),(105,99,8,'2013-02-08',3,1,17462577,1624836,10388055),(106,99,9,'2013-02-08',3,1,19314963,1932103,10388055),(107,90,9,'2013-02-08',3,1,19314963,1932103,10388055),(108,97,9,'2013-02-08',3,1,19314963,1932103,10388055),(109,88,9,'2013-02-08',3,1,19314963,1932103,10388055),(110,94,9,'2013-02-08',3,1,19314963,1932103,10388055),(111,97,9,'2013-02-08',3,1,19314963,1932103,10388055),(112,99,9,'2013-02-08',3,1,19314963,1932103,10388055),(113,102,9,'2013-02-08',3,1,19314963,1932103,10388055),(114,98,9,'2013-02-08',3,1,19314963,1932103,10388055),(115,94,9,'2013-02-08',3,1,19314963,1932103,10388055),(116,118,9,'2013-02-08',3,1,19314963,1932103,10388055),(117,95,9,'2013-02-08',3,1,19314963,1932103,10388055),(118,89,10,'2013-02-08',3,1,21570894,1937699,10388055),(119,95,10,'2013-02-08',3,1,21570894,1937699,10388055),(120,88,10,'2013-02-08',3,1,21570894,1937699,10388055),(121,80,10,'2013-02-08',3,1,21570894,1937699,10388055),(122,96,10,'2013-02-08',3,1,21570894,1937699,10388055),(123,86,10,'2013-02-08',3,1,21570894,1937699,10388055),(124,96,10,'2013-02-08',3,1,21570894,1937699,10388055),(125,99,10,'2013-02-08',3,1,21570894,1937699,10388055),(126,89,10,'2013-02-08',3,1,21570894,1937699,10388055),(127,95,10,'2013-02-08',3,1,21570894,1937699,10388055),(128,84,10,'2013-02-08',3,1,21570894,1937699,10388055),(129,87,10,'2013-02-08',3,1,21570894,1937699,10388055),(130,99,11,'2013-02-08',3,1,20983137,1768677,10388055),(131,109,11,'2013-02-08',3,1,20983137,1768677,10388055),(132,98,11,'2013-02-08',3,1,20983137,1768677,10388055),(133,101,11,'2013-02-08',3,1,20983137,1768677,10388055),(134,106,11,'2013-02-08',3,1,20983137,1768677,10388055),(135,96,11,'2013-02-08',3,1,20983137,1768677,10388055),(136,97,11,'2013-02-08',3,1,20983137,1768677,10388055),(137,105,11,'2013-02-08',3,1,20983137,1768677,10388055),(138,146,11,'2013-02-08',3,1,20983137,1768677,10388055),(139,89,11,'2013-02-08',3,1,20983137,1768677,10388055),(140,115,11,'2013-02-08',3,1,20983137,1768677,10388055),(141,98,11,'2013-02-08',3,1,20983137,1768677,10388055),(142,100,12,'2013-02-08',3,1,19894414,1596595,10388055),(143,122,12,'2013-02-08',3,1,19894414,1596595,10388055),(144,100,12,'2013-02-08',3,1,19894414,1596595,10388055),(145,118,12,'2013-02-08',3,1,19894414,1596595,10388055),(146,130,12,'2013-02-08',3,1,19894414,1596595,10388055),(147,117,12,'2013-02-08',3,1,19894414,1596595,10388055),(148,124,12,'2013-02-08',3,1,19894414,1596595,10388055),(149,130,12,'2013-02-08',3,1,19894414,1596595,10388055),(150,121,12,'2013-02-08',3,1,19894414,1596595,10388055),(151,125,12,'2013-02-08',3,1,19894414,1596595,10388055),(152,107,12,'2013-02-08',3,1,19894414,1596595,10388055),(153,118,12,'2013-02-08',3,1,19894414,1596595,10388055),(154,118,13,'2013-02-08',3,1,21519196,1610557,10388055),(155,123,13,'2013-02-08',3,1,21519196,1610557,10388055),(156,102,13,'2013-02-08',3,1,21519196,1610557,10388055),(157,125,13,'2013-02-08',3,1,21519196,1610557,10388055),(158,119,13,'2013-02-08',3,1,21519196,1610557,10388055),(159,120,13,'2013-02-08',3,1,21519196,1610557,10388055),(160,121,13,'2013-02-08',3,1,21519196,1610557,10388055),(161,109,13,'2013-02-08',3,1,21519196,1610557,10388055),(162,118,13,'2013-02-08',3,1,21519196,1610557,10388055),(163,121,13,'2013-02-08',3,1,21519196,1610557,10388055),(164,105,13,'2013-02-08',3,1,21519196,1610557,10388055),(165,115,13,'2013-02-08',3,1,21519196,1610557,10388055),(166,116,14,'2013-02-08',3,1,22670554,1669824,10388055),(167,123,14,'2013-02-08',3,1,22670554,1669824,10388055),(168,117,14,'2013-02-08',3,1,22670554,1669824,10388055),(169,107,14,'2013-02-08',3,1,22670554,1669824,10388055),(170,132,14,'2013-02-08',3,1,22670554,1669824,10388055),(171,121,14,'2013-02-08',3,1,22670554,1669824,10388055),(172,124,14,'2013-02-08',3,1,22670554,1669824,10388055),(173,131,14,'2013-02-08',3,1,22670554,1669824,10388055),(174,113,14,'2013-02-08',3,1,22670554,1669824,10388055),(175,115,14,'2013-02-08',3,1,22670554,1669824,10388055),(176,131,14,'2013-02-08',3,1,22670554,1669824,10388055),(177,116,14,'2013-02-08',3,1,22670554,1669824,10388055),(178,129,15,'2013-02-08',3,1,23232147,1567158,10388055),(179,128,15,'2013-02-08',3,1,23232147,1567158,10388055),(180,138,15,'2013-02-08',3,1,23232147,1567158,10388055),(181,126,15,'2013-02-08',3,1,23232147,1567158,10388055),(182,132,15,'2013-02-08',3,1,23232147,1567158,10388055),(183,122,15,'2013-02-08',3,1,23232147,1567158,10388055),(184,139,15,'2013-02-08',3,1,23232147,1567158,10388055),(185,136,15,'2013-02-08',3,1,23232147,1567158,10388055),(186,110,15,'2013-02-08',3,1,23232147,1567158,10388055),(187,135,15,'2013-02-08',3,1,23232147,1567158,10388055),(188,139,15,'2013-02-08',3,1,23232147,1567158,10388055),(189,147,15,'2013-02-08',3,1,23232147,1567158,10388055),(190,133,16,'2013-02-08',3,1,23527400,1408343,10388055),(191,140,16,'2013-02-08',3,1,23527400,1408343,10388055),(192,150,16,'2013-02-08',3,1,23527400,1408343,10388055),(193,136,16,'2013-02-08',3,1,23527400,1408343,10388055),(194,145,16,'2013-02-08',3,1,23527400,1408343,10388055),(195,150,16,'2013-02-08',3,1,23527400,1408343,10388055),(196,152,16,'2013-02-08',3,1,23527400,1408343,10388055),(197,145,16,'2013-02-08',3,1,23527400,1408343,10388055),(198,146,16,'2013-02-08',3,1,23527400,1408343,10388055),(199,180,16,'2013-02-08',3,1,23527400,1408343,10388055),(200,148,16,'2013-02-08',3,1,23527400,1408343,10388055),(201,149,16,'2013-02-08',3,1,23527400,1408343,10388055),(202,168,17,'2013-02-08',3,1,24025597,1218600,10388055),(203,163,17,'2013-02-08',3,1,24025597,1218600,10388055),(204,168,17,'2013-02-08',3,1,24025597,1218600,10388055),(205,159,17,'2013-02-08',3,1,24025597,1218600,10388055),(206,170,17,'2013-02-08',3,1,24025597,1218600,10388055),(207,155,17,'2013-02-08',3,1,24025597,1218600,10388055),(208,159,17,'2013-02-08',3,1,24025597,1218600,10388055),(209,163,17,'2013-02-08',3,1,24025597,1218600,10388055),(210,169,17,'2013-02-08',3,1,24025597,1218600,10388055),(211,160,17,'2013-02-08',3,1,24025597,1218600,10388055),(212,157,17,'2013-02-08',3,1,24025597,1218600,10388055),(213,179,17,'2013-02-08',3,1,24025597,1218600,10388055),(214,239,18,'2013-02-08',3,1,21219880,899265,10388055),(215,171,18,'2013-02-08',3,1,21219880,899265,10388055),(216,181,18,'2013-02-08',3,1,21219880,899265,10388055),(217,176,18,'2013-02-08',3,1,21219880,899265,10388055),(218,190,18,'2013-02-08',3,1,21219880,899265,10388055),(219,181,18,'2013-02-08',3,1,21219880,899265,10388055),(220,179,18,'2013-02-08',3,1,21219880,899265,10388055),(221,179,18,'2013-02-08',3,1,21219880,899265,10388055),(222,189,18,'2013-02-08',3,1,21219880,899265,10388055),(223,180,18,'2013-02-08',3,1,21219880,899265,10388055),(224,178,18,'2013-02-08',3,1,21219880,899265,10388055),(225,189,18,'2013-02-08',3,1,21219880,899265,10388055),(226,267,19,'2013-02-08',3,1,16408481,655917,10388055),(227,197,19,'2013-02-08',3,1,16408481,655917,10388055),(228,215,19,'2013-02-08',3,1,16408481,655917,10388055),(229,195,19,'2013-02-08',3,1,16408481,655917,10388055),(230,157,19,'2013-02-08',3,1,16408481,655917,10388055),(231,204,19,'2013-02-08',3,1,16408481,655917,10388055),(232,192,19,'2013-02-08',3,1,16408481,655917,10388055),(233,205,19,'2013-02-08',3,1,16408481,655917,10388055),(234,219,19,'2013-02-08',3,1,16408481,655917,10388055),(235,206,19,'2013-02-08',3,1,16408481,655917,10388055),(236,209,19,'2013-02-08',3,1,16408481,655917,10388055),(237,205,19,'2013-02-08',3,1,16408481,655917,10388055),(238,211,20,'2013-02-08',3,0,13599182,486769,10388055),(239,196,20,'2013-02-08',3,0,13599182,486769,10388055),(240,216,20,'2013-02-08',3,0,13599182,486769,10388055),(241,202,20,'2013-02-08',3,0,13599182,486769,10388055),(242,206,20,'2013-02-08',3,0,13599182,486769,10388055),(243,207,20,'2013-02-08',3,0,13599182,486769,10388055),(244,215,20,'2013-02-08',3,0,13599182,486769,10388055),(245,217,20,'2013-02-08',3,0,13599182,486769,10388055),(246,227,20,'2013-02-08',3,0,13599182,486769,10388055),(247,247,20,'2013-02-08',3,0,13599182,486769,10388055),(248,214,20,'2013-02-08',3,0,13599182,486769,10388055),(249,206,20,'2013-02-08',3,0,13599182,486769,10388055),(250,231,21,'2013-02-08',3,1,11220101,374074,10388055),(251,226,21,'2013-02-08',3,1,11220101,374074,10388055),(252,208,21,'2013-02-08',3,1,11220101,374074,10388055),(253,224,21,'2013-02-08',3,1,11220101,374074,10388055),(254,227,21,'2013-02-08',3,1,11220101,374074,10388055),(255,209,21,'2013-02-08',3,1,11220101,374074,10388055),(256,193,21,'2013-02-08',3,1,11220101,374074,10388055),(257,209,21,'2013-02-08',3,1,11220101,374074,10388055),(258,213,21,'2013-02-08',3,1,11220101,374074,10388055),(259,218,21,'2013-02-08',3,1,11220101,374074,10388055),(260,216,21,'2013-02-08',3,1,11220101,374074,10388055),(261,220,21,'2013-02-08',3,1,11220101,374074,10388055),(262,217,22,'2013-02-08',3,0,8291072,297572,10388055),(263,192,22,'2013-02-08',3,0,8291072,297572,10388055),(264,198,22,'2013-02-08',3,0,8291072,297572,10388055),(265,228,22,'2013-02-08',3,0,8291072,297572,10388055),(266,193,22,'2013-02-08',3,0,8291072,297572,10388055),(267,198,22,'2013-02-08',3,0,8291072,297572,10388055),(268,193,22,'2013-02-08',3,0,8291072,297572,10388055),(269,194,22,'2013-02-08',3,0,8291072,297572,10388055),(270,200,22,'2013-02-08',3,0,8291072,297572,10388055),(271,189,22,'2013-02-08',3,0,8291072,297572,10388055),(272,200,22,'2013-02-08',3,0,8291072,297572,10388055),(273,180,22,'2013-02-08',3,0,8291072,297572,10388055),(274,198,23,'2013-02-08',3,0,5655106,239321,10388055),(275,187,23,'2013-02-08',3,0,5655106,239321,10388055),(276,167,23,'2013-02-08',3,0,5655106,239321,10388055),(277,175,23,'2013-02-08',3,0,5655106,239321,10388055),(278,107,23,'2013-02-08',3,0,5655106,239321,10388055),(279,99,23,'2013-02-08',3,0,5655106,239321,10388055),(280,94,23,'2013-02-08',3,0,5655106,239321,10388055),(281,93,23,'2013-02-08',3,0,5655106,239321,10388055),(282,74,23,'2013-02-08',3,0,5655106,239321,10388055),(283,91,23,'2013-02-08',3,0,5655106,239321,10388055),(284,86,23,'2013-02-08',3,0,5655106,239321,10388055),(285,81,0,'2014-01-29',4,0,3551327,179224,10369593),(286,73,0,'2014-01-29',4,0,3551327,179224,10369593),(287,84,0,'2014-01-29',4,0,3551327,179224,10369593),(288,75,0,'2014-01-29',4,0,3551327,179224,10369593),(289,85,0,'2014-01-29',4,0,3551327,179224,10369593),(290,79,0,'2014-01-29',4,0,3551327,179224,10369593),(291,83,0,'2014-01-29',4,0,3551327,179224,10369593),(292,77,0,'2014-01-29',4,0,3551327,179224,10369593),(293,87,0,'2014-01-29',4,0,3551327,179224,10369593),(294,82,0,'2014-01-29',4,0,3551327,179224,10369593),(295,88,0,'2014-01-29',4,0,3551327,179224,10369593),(296,80,0,'2014-01-29',4,0,3551327,179224,10369593),(297,76,1,'2014-01-29',4,0,2379600,172692,10369593),(298,81,1,'2014-01-29',4,0,2379600,172692,10369593),(299,87,1,'2014-01-29',4,0,2379600,172692,10369593),(300,71,1,'2014-01-29',4,0,2379600,172692,10369593),(301,92,1,'2014-01-29',4,0,2379600,172692,10369593),(302,82,1,'2014-01-29',4,0,2379600,172692,10369593),(303,77,1,'2014-01-29',4,0,2379600,172692,10369593),(304,84,1,'2014-01-29',4,0,2379600,172692,10369593),(305,76,1,'2014-01-29',4,0,2379600,172692,10369593),(306,88,1,'2014-01-29',4,0,2379600,172692,10369593),(307,84,1,'2014-01-29',4,0,2379600,172692,10369593),(308,79,1,'2014-01-29',4,0,2379600,172692,10369593),(309,78,2,'2014-01-29',4,0,1755680,206269,10369593),(310,86,2,'2014-01-29',4,0,1755680,206269,10369593),(311,89,2,'2014-01-29',4,0,1755680,206269,10369593),(312,82,2,'2014-01-29',4,0,1755680,206269,10369593),(313,86,2,'2014-01-29',4,0,1755680,206269,10369593),(314,116,2,'2014-01-29',4,0,1755680,206269,10369593),(315,80,2,'2014-01-29',4,0,1755680,206269,10369593),(316,89,2,'2014-01-29',4,0,1755680,206269,10369593),(317,83,2,'2014-01-29',4,0,1755680,206269,10369593),(318,89,2,'2014-01-29',4,0,1755680,206269,10369593),(319,81,2,'2014-01-29',4,0,1755680,206269,10369593),(320,82,3,'2014-01-29',4,0,1560879,263359,10369593),(321,78,3,'2014-01-29',4,0,1560879,263359,10369593),(322,106,3,'2014-01-29',4,0,1560879,263359,10369593),(323,80,3,'2014-01-29',4,0,1560879,263359,10369593),(324,84,3,'2014-01-29',4,0,1560879,263359,10369593),(325,92,3,'2014-01-29',4,0,1560879,263359,10369593),(326,88,3,'2014-01-29',4,0,1560879,263359,10369593),(327,85,3,'2014-01-29',4,0,1560879,263359,10369593),(328,92,3,'2014-01-29',4,0,1560879,263359,10369593),(329,89,3,'2014-01-29',4,0,1560879,263359,10369593),(330,77,4,'2014-01-29',4,0,2171128,394981,10369593),(331,98,4,'2014-01-29',4,0,2171128,394981,10369593),(332,70,4,'2014-01-29',4,0,2171128,394981,10369593),(333,79,4,'2014-01-29',4,0,2171128,394981,10369593),(334,75,4,'2014-01-29',4,0,2171128,394981,10369593),(335,75,4,'2014-01-29',4,0,2171128,394981,10369593),(336,71,4,'2014-01-29',4,0,2171128,394981,10369593),(337,76,4,'2014-01-29',4,0,2171128,394981,10369593),(338,76,5,'2014-01-29',4,0,5066315,680975,10369593),(339,73,5,'2014-01-29',4,0,5066315,680975,10369593),(340,79,5,'2014-01-29',4,0,5066315,680975,10369593),(341,75,5,'2014-01-29',4,0,5066315,680975,10369593),(342,71,5,'2014-01-29',4,0,5066315,680975,10369593),(343,75,5,'2014-01-29',4,0,5066315,680975,10369593),(344,70,5,'2014-01-29',4,0,5066315,680975,10369593),(345,78,5,'2014-01-29',4,0,5066315,680975,10369593),(346,82,5,'2014-01-29',4,0,5066315,680975,10369593),(347,75,5,'2014-01-29',4,0,5066315,680975,10369593),(348,83,5,'2014-01-29',4,0,5066315,680975,10369593),(349,82,5,'2014-01-29',4,0,5066315,680975,10369593),(350,80,6,'2014-01-29',4,0,10406430,1085883,10369593),(351,82,6,'2014-01-29',4,0,10406430,1085883,10369593),(352,79,6,'2014-01-29',4,0,10406430,1085883,10369593),(353,84,6,'2014-01-29',4,0,10406430,1085883,10369593),(354,81,6,'2014-01-29',4,0,10406430,1085883,10369593),(355,72,6,'2014-01-29',4,0,10406430,1085883,10369593),(356,83,6,'2014-01-29',4,0,10406430,1085883,10369593),(357,86,6,'2014-01-29',4,0,10406430,1085883,10369593),(358,78,6,'2014-01-29',4,0,10406430,1085883,10369593),(359,98,6,'2014-01-29',4,0,10406430,1085883,10369593),(360,87,6,'2014-01-29',4,0,10406430,1085883,10369593),(361,81,7,'2014-01-29',4,0,15221692,1225733,10369593),(362,88,7,'2014-01-29',4,0,15221692,1225733,10369593),(363,77,7,'2014-01-29',4,0,15221692,1225733,10369593),(364,89,7,'2014-01-29',4,0,15221692,1225733,10369593),(365,84,7,'2014-01-29',4,0,15221692,1225733,10369593),(366,90,7,'2014-01-29',4,0,15221692,1225733,10369593),(367,92,7,'2014-01-29',4,0,15221692,1225733,10369593),(368,87,7,'2014-01-29',4,0,15221692,1225733,10369593),(369,93,7,'2014-01-29',4,0,15221692,1225733,10369593),(370,85,7,'2014-01-29',4,0,15221692,1225733,10369593),(371,95,7,'2014-01-29',4,0,15221692,1225733,10369593),(372,86,7,'2014-01-29',4,0,15221692,1225733,10369593),(373,91,8,'2014-01-29',4,0,16710517,1462189,10369593),(374,84,8,'2014-01-29',4,0,16710517,1462189,10369593),(375,82,8,'2014-01-29',4,0,16710517,1462189,10369593),(376,92,8,'2014-01-29',4,0,16710517,1462189,10369593),(377,77,8,'2014-01-29',4,0,16710517,1462189,10369593),(378,93,8,'2014-01-29',4,0,16710517,1462189,10369593),(379,84,8,'2014-01-29',4,0,16710517,1462189,10369593),(380,89,8,'2014-01-29',4,0,16710517,1462189,10369593),(381,94,8,'2014-01-29',4,0,16710517,1462189,10369593),(382,77,8,'2014-01-29',4,0,16710517,1462189,10369593),(383,95,8,'2014-01-29',4,0,16710517,1462189,10369593),(384,88,8,'2014-01-29',4,0,16710517,1462189,10369593),(385,77,9,'2014-01-29',4,0,18634958,1720856,10369593),(386,79,9,'2014-01-29',4,0,18634958,1720856,10369593),(387,89,9,'2014-01-29',4,0,18634958,1720856,10369593),(388,83,9,'2014-01-29',4,0,18634958,1720856,10369593),(389,87,9,'2014-01-29',4,0,18634958,1720856,10369593),(390,88,9,'2014-01-29',4,0,18634958,1720856,10369593),(391,85,9,'2014-01-29',4,0,18634958,1720856,10369593),(392,89,9,'2014-01-29',4,0,18634958,1720856,10369593),(393,86,9,'2014-01-29',4,0,18634958,1720856,10369593),(394,89,9,'2014-01-29',4,0,18634958,1720856,10369593),(395,86,9,'2014-01-29',4,0,18634958,1720856,10369593),(396,80,10,'2014-01-29',4,0,20704719,1720531,10369593),(397,91,10,'2014-01-29',4,0,20704719,1720531,10369593),(398,81,10,'2014-01-29',4,0,20704719,1720531,10369593),(399,87,10,'2014-01-29',4,0,20704719,1720531,10369593),(400,82,10,'2014-01-29',4,0,20704719,1720531,10369593),(401,92,10,'2014-01-29',4,0,20704719,1720531,10369593),(402,84,10,'2014-01-29',4,0,20704719,1720531,10369593),(403,109,10,'2014-01-29',4,0,20704719,1720531,10369593),(404,85,10,'2014-01-29',4,0,20704719,1720531,10369593),(405,91,10,'2014-01-29',4,0,20704719,1720531,10369593),(406,72,10,'2014-01-29',4,0,20704719,1720531,10369593),(407,89,10,'2014-01-29',4,0,20704719,1720531,10369593),(408,91,11,'2014-01-29',4,0,20216244,1576422,10369593),(409,100,11,'2014-01-29',4,0,20216244,1576422,10369593),(410,115,11,'2014-01-29',4,0,20216244,1576422,10369593),(411,102,11,'2014-01-29',4,0,20216244,1576422,10369593),(412,98,11,'2014-01-29',4,0,20216244,1576422,10369593),(413,104,11,'2014-01-29',4,0,20216244,1576422,10369593),(414,98,11,'2014-01-29',4,0,20216244,1576422,10369593),(415,103,11,'2014-01-29',4,0,20216244,1576422,10369593),(416,96,11,'2014-01-29',4,0,20216244,1576422,10369593),(417,102,11,'2014-01-29',4,0,20216244,1576422,10369593),(418,105,11,'2014-01-29',4,0,20216244,1576422,10369593),(419,97,11,'2014-01-29',4,0,20216244,1576422,10369593),(420,103,12,'2014-01-29',4,0,19194886,1405197,10369593),(421,106,12,'2014-01-29',4,0,19194886,1405197,10369593),(422,103,12,'2014-01-29',4,0,19194886,1405197,10369593),(423,113,12,'2014-01-29',4,0,19194886,1405197,10369593),(424,122,12,'2014-01-29',4,0,19194886,1405197,10369593),(425,115,12,'2014-01-29',4,0,19194886,1405197,10369593),(426,98,12,'2014-01-29',4,0,19194886,1405197,10369593),(427,112,12,'2014-01-29',4,0,19194886,1405197,10369593),(428,132,12,'2014-01-29',4,0,19194886,1405197,10369593),(429,103,12,'2014-01-29',4,0,19194886,1405197,10369593),(430,113,12,'2014-01-29',4,0,19194886,1405197,10369593),(431,108,12,'2014-01-29',4,0,19194886,1405197,10369593),(432,131,13,'2014-01-29',4,0,20755272,1433045,10369593),(433,149,13,'2014-01-29',4,0,20755272,1433045,10369593),(434,119,13,'2014-01-29',4,0,20755272,1433045,10369593),(435,103,13,'2014-01-29',4,0,20755272,1433045,10369593),(436,119,13,'2014-01-29',4,0,20755272,1433045,10369593),(437,110,13,'2014-01-29',4,0,20755272,1433045,10369593),(438,121,13,'2014-01-29',4,0,20755272,1433045,10369593),(439,98,13,'2014-01-29',4,0,20755272,1433045,10369593),(440,124,13,'2014-01-29',4,0,20755272,1433045,10369593),(441,113,13,'2014-01-29',4,0,20755272,1433045,10369593),(442,131,13,'2014-01-29',4,0,20755272,1433045,10369593),(443,115,13,'2014-01-29',4,0,20755272,1433045,10369593),(444,138,14,'2014-01-29',4,0,21816978,1476089,10369593),(445,131,14,'2014-01-29',4,0,21816978,1476089,10369593),(446,132,14,'2014-01-29',4,0,21816978,1476089,10369593),(447,124,14,'2014-01-29',4,0,21816978,1476089,10369593),(448,130,14,'2014-01-29',4,0,21816978,1476089,10369593),(449,130,14,'2014-01-29',4,0,21816978,1476089,10369593),(450,137,14,'2014-01-29',4,0,21816978,1476089,10369593),(451,127,14,'2014-01-29',4,0,21816978,1476089,10369593),(452,126,14,'2014-01-29',4,0,21816978,1476089,10369593),(453,135,14,'2014-01-29',4,0,21816978,1476089,10369593),(454,135,14,'2014-01-29',4,0,21816978,1476089,10369593),(455,142,14,'2014-01-29',4,0,21816978,1476089,10369593),(456,132,15,'2014-01-29',4,0,22353936,1379857,10369593),(457,141,15,'2014-01-29',4,0,22353936,1379857,10369593),(458,129,15,'2014-01-29',4,0,22353936,1379857,10369593),(459,143,15,'2014-01-29',4,0,22353936,1379857,10369593),(460,146,15,'2014-01-29',4,0,22353936,1379857,10369593),(461,130,15,'2014-01-29',4,0,22353936,1379857,10369593),(462,174,15,'2014-01-29',4,0,22353936,1379857,10369593),(463,140,15,'2014-01-29',4,0,22353936,1379857,10369593),(464,139,15,'2014-01-29',4,0,22353936,1379857,10369593),(465,142,15,'2014-01-29',4,0,22353936,1379857,10369593),(466,143,15,'2014-01-29',4,0,22353936,1379857,10369593),(467,136,15,'2014-01-29',4,0,22353936,1379857,10369593),(468,142,16,'2014-01-29',4,0,22658379,1240158,10369593),(469,149,16,'2014-01-29',4,0,22658379,1240158,10369593),(470,141,16,'2014-01-29',4,0,22658379,1240158,10369593),(471,139,16,'2014-01-29',4,0,22658379,1240158,10369593),(472,153,16,'2014-01-29',4,0,22658379,1240158,10369593),(473,156,16,'2014-01-29',4,0,22658379,1240158,10369593),(474,153,16,'2014-01-29',4,0,22658379,1240158,10369593),(475,159,16,'2014-01-29',4,0,22658379,1240158,10369593),(476,157,16,'2014-01-29',4,0,22658379,1240158,10369593),(477,158,16,'2014-01-29',4,0,22658379,1240158,10369593),(478,162,16,'2014-01-29',4,0,22658379,1240158,10369593),(479,156,16,'2014-01-29',4,0,22658379,1240158,10369593),(480,171,17,'2014-01-29',4,0,23013125,1060793,10369593),(481,170,17,'2014-01-29',4,0,23013125,1060793,10369593),(482,154,17,'2014-01-29',4,0,23013125,1060793,10369593),(483,186,17,'2014-01-29',4,0,23013125,1060793,10369593),(484,214,17,'2014-01-29',4,0,23013125,1060793,10369593),(485,190,17,'2014-01-29',4,0,23013125,1060793,10369593),(486,185,17,'2014-01-29',4,0,23013125,1060793,10369593),(487,199,17,'2014-01-29',4,0,23013125,1060793,10369593),(488,196,17,'2014-01-29',4,0,23013125,1060793,10369593),(489,185,17,'2014-01-29',4,0,23013125,1060793,10369593),(490,193,17,'2014-01-29',4,0,23013125,1060793,10369593),(491,188,17,'2014-01-29',4,0,23013125,1060793,10369593),(492,190,18,'2014-01-29',4,0,20109610,768213,10369593),(493,211,18,'2014-01-29',4,0,20109610,768213,10369593),(494,198,18,'2014-01-29',4,0,20109610,768213,10369593),(495,151,18,'2014-01-29',4,0,20109610,768213,10369593),(496,233,18,'2014-01-29',4,0,20109610,768213,10369593),(497,185,18,'2014-01-29',4,0,20109610,768213,10369593),(498,232,18,'2014-01-29',4,0,20109610,768213,10369593),(499,193,18,'2014-01-29',4,0,20109610,768213,10369593),(500,192,18,'2014-01-29',4,0,20109610,768213,10369593),(501,178,18,'2014-01-29',4,0,20109610,768213,10369593),(502,187,18,'2014-01-29',4,0,20109610,768213,10369593),(503,207,18,'2014-01-29',4,0,20109610,768213,10369593),(504,220,19,'2014-01-29',4,0,15455642,553550,10369593),(505,201,19,'2014-01-29',4,0,15455642,553550,10369593),(506,210,19,'2014-01-29',4,0,15455642,553550,10369593),(507,229,19,'2014-01-29',4,0,15455642,553550,10369593),(508,221,19,'2014-01-29',4,0,15455642,553550,10369593),(509,211,19,'2014-01-29',4,0,15455642,553550,10369593),(510,183,19,'2014-01-29',4,0,15455642,553550,10369593),(511,226,19,'2014-01-29',4,0,15455642,553550,10369593),(512,231,19,'2014-01-29',4,0,15455642,553550,10369593),(513,229,19,'2014-01-29',4,0,15455642,553550,10369593),(514,230,19,'2014-01-29',4,0,15455642,553550,10369593),(515,226,19,'2014-01-29',4,0,15455642,553550,10369593),(516,252,20,'2014-01-29',4,0,12710244,405901,10369593),(517,234,20,'2014-01-29',4,0,12710244,405901,10369593),(518,223,20,'2014-01-29',4,0,12710244,405901,10369593),(519,233,20,'2014-01-29',4,0,12710244,405901,10369593),(520,261,20,'2014-01-29',4,0,12710244,405901,10369593),(521,228,20,'2014-01-29',4,0,12710244,405901,10369593),(522,241,20,'2014-01-29',4,0,12710244,405901,10369593),(523,245,20,'2014-01-29',4,0,12710244,405901,10369593),(524,238,20,'2014-01-29',4,0,12710244,405901,10369593),(525,250,20,'2014-01-29',4,0,12710244,405901,10369593),(526,239,20,'2014-01-29',4,0,12710244,405901,10369593),(527,242,20,'2014-01-29',4,0,12710244,405901,10369593),(528,254,21,'2014-01-29',4,0,10473982,311397,10369593),(529,227,21,'2014-01-29',4,0,10473982,311397,10369593),(530,236,21,'2014-01-29',4,0,10473982,311397,10369593),(531,230,21,'2014-01-29',4,0,10473982,311397,10369593),(532,232,21,'2014-01-29',4,0,10473982,311397,10369593),(533,239,21,'2014-01-29',4,0,10473982,311397,10369593),(534,216,21,'2014-01-29',4,0,10473982,311397,10369593),(535,231,21,'2014-01-29',4,0,10473982,311397,10369593),(536,241,21,'2014-01-29',4,0,10473982,311397,10369593),(537,333,21,'2014-01-29',4,0,10473982,311397,10369593),(538,230,21,'2014-01-29',4,0,10473982,311397,10369593),(539,329,21,'2014-01-29',4,0,10473982,311397,10369593),(540,248,22,'2014-01-29',4,0,7763743,239495,10369593),(541,241,22,'2014-01-29',4,0,7763743,239495,10369593),(542,245,22,'2014-01-29',4,0,7763743,239495,10369593),(543,232,22,'2014-01-29',4,0,7763743,239495,10369593),(544,241,22,'2014-01-29',4,0,7763743,239495,10369593),(545,235,22,'2014-01-29',4,0,7763743,239495,10369593),(546,230,22,'2014-01-29',4,0,7763743,239495,10369593),(547,244,22,'2014-01-29',4,0,7763743,239495,10369593),(548,227,22,'2014-01-29',4,0,7763743,239495,10369593),(549,220,22,'2014-01-29',4,0,7763743,239495,10369593),(550,259,22,'2014-01-29',4,0,7763743,239495,10369593),(551,223,22,'2014-01-29',4,0,7763743,239495,10369593),(552,208,23,'2014-01-29',4,0,5279820,199497,10369593),(553,211,23,'2014-01-29',4,0,5279820,199497,10369593),(554,181,23,'2014-01-29',4,0,5279820,199497,10369593),(555,252,23,'2014-01-29',4,0,5279820,199497,10369593),(556,115,23,'2014-01-29',4,0,5279820,199497,10369593),(557,112,23,'2014-01-29',4,0,5279820,199497,10369593),(558,101,23,'2014-01-29',4,0,5279820,199497,10369593),(559,101,23,'2014-01-29',4,0,5279820,199497,10369593),(560,98,23,'2014-01-29',4,0,5279820,199497,10369593),(561,99,23,'2014-01-29',4,0,5279820,199497,10369593),(562,106,23,'2014-01-29',4,0,5279820,199497,10369593),(563,97,23,'2014-01-29',4,0,5279820,199497,10369593),(564,106,0,'2015-02-17',5,1,3117065,141548,10297138),(565,88,0,'2015-02-17',5,1,3117065,141548,10297138),(566,95,0,'2015-02-17',5,1,3117065,141548,10297138),(567,79,0,'2015-02-17',5,1,3117065,141548,10297138),(568,86,0,'2015-02-17',5,1,3117065,141548,10297138),(569,79,0,'2015-02-17',5,1,3117065,141548,10297138),(570,84,0,'2015-02-17',5,1,3117065,141548,10297138),(571,79,0,'2015-02-17',5,1,3117065,141548,10297138),(572,73,0,'2015-02-17',5,1,3117065,141548,10297138),(573,77,0,'2015-02-17',5,1,3117065,141548,10297138),(574,84,0,'2015-02-17',5,1,3117065,141548,10297138),(575,94,0,'2015-02-17',5,1,3117065,141548,10297138),(576,83,1,'2015-02-17',5,0,2088998,141617,10297138),(577,79,1,'2015-02-17',5,0,2088998,141617,10297138),(578,85,1,'2015-02-17',5,0,2088998,141617,10297138),(579,78,1,'2015-02-17',5,0,2088998,141617,10297138),(580,88,1,'2015-02-17',5,0,2088998,141617,10297138),(581,83,1,'2015-02-17',5,0,2088998,141617,10297138),(582,89,1,'2015-02-17',5,0,2088998,141617,10297138),(583,82,1,'2015-02-17',5,0,2088998,141617,10297138),(584,89,1,'2015-02-17',5,0,2088998,141617,10297138),(585,80,1,'2015-02-17',5,0,2088998,141617,10297138),(586,85,1,'2015-02-17',5,0,2088998,141617,10297138),(587,80,1,'2015-02-17',5,0,2088998,141617,10297138),(588,91,2,'2015-02-17',5,0,1541438,154967,10297138),(589,85,2,'2015-02-17',5,0,1541438,154967,10297138),(590,77,2,'2015-02-17',5,0,1541438,154967,10297138),(591,87,2,'2015-02-17',5,0,1541438,154967,10297138),(592,82,2,'2015-02-17',5,0,1541438,154967,10297138),(593,91,2,'2015-02-17',5,0,1541438,154967,10297138),(594,96,2,'2015-02-17',5,0,1541438,154967,10297138),(595,89,2,'2015-02-17',5,0,1541438,154967,10297138),(596,102,2,'2015-02-17',5,0,1541438,154967,10297138),(597,94,2,'2015-02-17',5,0,1541438,154967,10297138),(598,101,2,'2015-02-17',5,0,1541438,154967,10297138),(599,90,2,'2015-02-17',5,0,1541438,154967,10297138),(600,93,3,'2015-02-17',5,1,1393356,200633,10297138),(601,97,3,'2015-02-17',5,1,1393356,200633,10297138),(602,90,3,'2015-02-17',5,1,1393356,200633,10297138),(603,81,3,'2015-02-17',5,1,1393356,200633,10297138),(604,89,3,'2015-02-17',5,1,1393356,200633,10297138),(605,93,3,'2015-02-17',5,1,1393356,200633,10297138),(606,88,3,'2015-02-17',5,1,1393356,200633,10297138),(607,84,3,'2015-02-17',5,1,1393356,200633,10297138),(608,92,3,'2015-02-17',5,1,1393356,200633,10297138),(609,82,3,'2015-02-17',5,1,1393356,200633,10297138),(610,88,3,'2015-02-17',5,1,1393356,200633,10297138),(611,85,4,'2015-02-17',5,0,1965195,313330,10297138),(612,76,4,'2015-02-17',5,0,1965195,313330,10297138),(613,80,4,'2015-02-17',5,0,1965195,313330,10297138),(614,87,4,'2015-02-17',5,0,1965195,313330,10297138),(615,91,4,'2015-02-17',5,0,1965195,313330,10297138),(616,84,4,'2015-02-17',5,0,1965195,313330,10297138),(617,89,4,'2015-02-17',5,0,1965195,313330,10297138),(618,79,4,'2015-02-17',5,0,1965195,313330,10297138),(619,87,4,'2015-02-17',5,0,1965195,313330,10297138),(620,82,4,'2015-02-17',5,0,1965195,313330,10297138),(621,74,4,'2015-02-17',5,0,1965195,313330,10297138),(622,82,4,'2015-02-17',5,0,1965195,313330,10297138),(623,95,5,'2015-02-17',5,0,4642716,569084,10297138),(624,97,5,'2015-02-17',5,0,4642716,569084,10297138),(625,78,5,'2015-02-17',5,0,4642716,569084,10297138),(626,96,5,'2015-02-17',5,0,4642716,569084,10297138),(627,89,5,'2015-02-17',5,0,4642716,569084,10297138),(628,125,5,'2015-02-17',5,0,4642716,569084,10297138),(629,99,5,'2015-02-17',5,0,4642716,569084,10297138),(630,91,5,'2015-02-17',5,0,4642716,569084,10297138),(631,114,5,'2015-02-17',5,0,4642716,569084,10297138),(632,106,5,'2015-02-17',5,0,4642716,569084,10297138),(633,97,5,'2015-02-17',5,0,4642716,569084,10297138),(634,100,5,'2015-02-17',5,0,4642716,569084,10297138),(635,104,6,'2015-02-17',5,0,9289639,910190,10297138),(636,120,6,'2015-02-17',5,0,9289639,910190,10297138),(637,105,6,'2015-02-17',5,0,9289639,910190,10297138),(638,107,6,'2015-02-17',5,0,9289639,910190,10297138),(639,102,6,'2015-02-17',5,0,9289639,910190,10297138),(640,99,6,'2015-02-17',5,0,9289639,910190,10297138),(641,111,6,'2015-02-17',5,0,9289639,910190,10297138),(642,95,6,'2015-02-17',5,0,9289639,910190,10297138),(643,105,6,'2015-02-17',5,0,9289639,910190,10297138),(644,103,6,'2015-02-17',5,0,9289639,910190,10297138),(645,108,6,'2015-02-17',5,0,9289639,910190,10297138),(646,100,6,'2015-02-17',5,0,9289639,910190,10297138),(647,99,7,'2015-02-17',5,0,13384876,1032145,10297138),(648,106,7,'2015-02-17',5,0,13384876,1032145,10297138),(649,83,7,'2015-02-17',5,0,13384876,1032145,10297138),(650,89,7,'2015-02-17',5,0,13384876,1032145,10297138),(651,99,7,'2015-02-17',5,0,13384876,1032145,10297138),(652,96,7,'2015-02-17',5,0,13384876,1032145,10297138),(653,92,7,'2015-02-17',5,0,13384876,1032145,10297138),(654,95,7,'2015-02-17',5,0,13384876,1032145,10297138),(655,97,7,'2015-02-17',5,0,13384876,1032145,10297138),(656,103,7,'2015-02-17',5,0,13384876,1032145,10297138),(657,105,7,'2015-02-17',5,0,13384876,1032145,10297138),(658,96,7,'2015-02-17',5,0,13384876,1032145,10297138),(659,95,8,'2015-02-17',5,0,14753459,1209263,10297138),(660,102,8,'2015-02-17',5,0,14753459,1209263,10297138),(661,99,8,'2015-02-17',5,0,14753459,1209263,10297138),(662,90,8,'2015-02-17',5,0,14753459,1209263,10297138),(663,94,8,'2015-02-17',5,0,14753459,1209263,10297138),(664,83,8,'2015-02-17',5,0,14753459,1209263,10297138),(665,88,8,'2015-02-17',5,0,14753459,1209263,10297138),(666,90,8,'2015-02-17',5,0,14753459,1209263,10297138),(667,94,8,'2015-02-17',5,0,14753459,1209263,10297138),(668,91,8,'2015-02-17',5,0,14753459,1209263,10297138),(669,84,8,'2015-02-17',5,0,14753459,1209263,10297138),(670,92,8,'2015-02-17',5,0,14753459,1209263,10297138),(671,87,9,'2015-02-17',5,0,16662426,1416714,10297138),(672,93,9,'2015-02-17',5,0,16662426,1416714,10297138),(673,81,9,'2015-02-17',5,0,16662426,1416714,10297138),(674,79,9,'2015-02-17',5,0,16662426,1416714,10297138),(675,92,9,'2015-02-17',5,0,16662426,1416714,10297138),(676,85,9,'2015-02-17',5,0,16662426,1416714,10297138),(677,95,9,'2015-02-17',5,0,16662426,1416714,10297138),(678,90,9,'2015-02-17',5,0,16662426,1416714,10297138),(679,96,9,'2015-02-17',5,0,16662426,1416714,10297138),(680,100,9,'2015-02-17',5,0,16662426,1416714,10297138),(681,99,9,'2015-02-17',5,0,16662426,1416714,10297138),(682,91,9,'2015-02-17',5,0,16662426,1416714,10297138),(683,97,10,'2015-02-17',5,0,18460017,1404372,10297138),(684,95,10,'2015-02-17',5,0,18460017,1404372,10297138),(685,89,10,'2015-02-17',5,0,18460017,1404372,10297138),(686,101,10,'2015-02-17',5,0,18460017,1404372,10297138),(687,90,10,'2015-02-17',5,0,18460017,1404372,10297138),(688,100,10,'2015-02-17',5,0,18460017,1404372,10297138),(689,96,10,'2015-02-17',5,0,18460017,1404372,10297138),(690,107,10,'2015-02-17',5,0,18460017,1404372,10297138),(691,98,10,'2015-02-17',5,0,18460017,1404372,10297138),(692,94,10,'2015-02-17',5,0,18460017,1404372,10297138),(693,98,10,'2015-02-17',5,0,18460017,1404372,10297138),(694,100,10,'2015-02-17',5,0,18460017,1404372,10297138),(695,101,11,'2015-02-17',5,0,17990220,1278377,10297138),(696,94,11,'2015-02-17',5,0,17990220,1278377,10297138),(697,84,11,'2015-02-17',5,0,17990220,1278377,10297138),(698,98,11,'2015-02-17',5,0,17990220,1278377,10297138),(699,106,11,'2015-02-17',5,0,17990220,1278377,10297138),(700,91,11,'2015-02-17',5,0,17990220,1278377,10297138),(701,107,11,'2015-02-17',5,0,17990220,1278377,10297138),(702,111,11,'2015-02-17',5,0,17990220,1278377,10297138),(703,137,11,'2015-02-17',5,0,17990220,1278377,10297138),(704,112,11,'2015-02-17',5,0,17990220,1278377,10297138),(705,107,11,'2015-02-17',5,0,17990220,1278377,10297138),(706,117,11,'2015-02-17',5,0,17990220,1278377,10297138),(707,120,12,'2015-02-17',5,0,17145747,1155349,10297138),(708,130,12,'2015-02-17',5,0,17145747,1155349,10297138),(709,127,12,'2015-02-17',5,0,17145747,1155349,10297138),(710,104,12,'2015-02-17',5,0,17145747,1155349,10297138),(711,122,12,'2015-02-17',5,0,17145747,1155349,10297138),(712,112,12,'2015-02-17',5,0,17145747,1155349,10297138),(713,124,12,'2015-02-17',5,0,17145747,1155349,10297138),(714,117,12,'2015-02-17',5,0,17145747,1155349,10297138),(715,131,12,'2015-02-17',5,0,17145747,1155349,10297138),(716,179,12,'2015-02-17',5,0,17145747,1155349,10297138),(717,131,12,'2015-02-17',5,0,17145747,1155349,10297138),(718,121,12,'2015-02-17',5,0,17145747,1155349,10297138),(719,116,13,'2015-02-17',5,0,18521112,1172609,10297138),(720,112,13,'2015-02-17',5,0,18521112,1172609,10297138),(721,104,13,'2015-02-17',5,0,18521112,1172609,10297138),(722,175,13,'2015-02-17',5,0,18521112,1172609,10297138),(723,123,13,'2015-02-17',5,0,18521112,1172609,10297138),(724,123,13,'2015-02-17',5,0,18521112,1172609,10297138),(725,116,13,'2015-02-17',5,0,18521112,1172609,10297138),(726,127,13,'2015-02-17',5,0,18521112,1172609,10297138),(727,113,13,'2015-02-17',5,0,18521112,1172609,10297138),(728,110,13,'2015-02-17',5,0,18521112,1172609,10297138),(729,115,13,'2015-02-17',5,0,18521112,1172609,10297138),(730,106,13,'2015-02-17',5,0,18521112,1172609,10297138),(731,125,14,'2015-02-17',5,0,19422715,1201678,10297138),(732,117,14,'2015-02-17',5,0,19422715,1201678,10297138),(733,132,14,'2015-02-17',5,0,19422715,1201678,10297138),(734,144,14,'2015-02-17',5,0,19422715,1201678,10297138),(735,129,14,'2015-02-17',5,0,19422715,1201678,10297138),(736,157,14,'2015-02-17',5,0,19422715,1201678,10297138),(737,127,14,'2015-02-17',5,0,19422715,1201678,10297138),(738,141,14,'2015-02-17',5,0,19422715,1201678,10297138),(739,132,14,'2015-02-17',5,0,19422715,1201678,10297138),(740,140,14,'2015-02-17',5,0,19422715,1201678,10297138),(741,131,14,'2015-02-17',5,0,19422715,1201678,10297138),(742,137,14,'2015-02-17',5,0,19422715,1201678,10297138),(743,151,15,'2015-02-17',5,0,19877237,1126585,10297138),(744,139,15,'2015-02-17',5,0,19877237,1126585,10297138),(745,145,15,'2015-02-17',5,0,19877237,1126585,10297138),(746,154,15,'2015-02-17',5,0,19877237,1126585,10297138),(747,144,15,'2015-02-17',5,0,19877237,1126585,10297138),(748,180,15,'2015-02-17',5,0,19877237,1126585,10297138),(749,136,15,'2015-02-17',5,0,19877237,1126585,10297138),(750,150,15,'2015-02-17',5,0,19877237,1126585,10297138),(751,143,15,'2015-02-17',5,0,19877237,1126585,10297138),(752,149,15,'2015-02-17',5,0,19877237,1126585,10297138),(753,144,15,'2015-02-17',5,0,19877237,1126585,10297138),(754,149,15,'2015-02-17',5,0,19877237,1126585,10297138),(755,153,16,'2015-02-17',5,0,20110893,1012096,10297138),(756,145,16,'2015-02-17',5,0,20110893,1012096,10297138),(757,162,16,'2015-02-17',5,0,20110893,1012096,10297138),(758,187,16,'2015-02-17',5,0,20110893,1012096,10297138),(759,165,16,'2015-02-17',5,0,20110893,1012096,10297138),(760,173,16,'2015-02-17',5,0,20110893,1012096,10297138),(761,161,16,'2015-02-17',5,0,20110893,1012096,10297138),(762,159,16,'2015-02-17',5,0,20110893,1012096,10297138),(763,225,16,'2015-02-17',5,0,20110893,1012096,10297138),(764,171,16,'2015-02-17',5,0,20110893,1012096,10297138),(765,164,16,'2015-02-17',5,0,20110893,1012096,10297138),(766,168,16,'2015-02-17',5,0,20110893,1012096,10297138),(767,206,17,'2015-02-17',5,0,20261661,870086,10297138),(768,159,17,'2015-02-17',5,0,20261661,870086,10297138),(769,185,17,'2015-02-17',5,0,20261661,870086,10297138),(770,183,17,'2015-02-17',5,0,20261661,870086,10297138),(771,187,17,'2015-02-17',5,0,20261661,870086,10297138),(772,166,17,'2015-02-17',5,0,20261661,870086,10297138),(773,169,17,'2015-02-17',5,0,20261661,870086,10297138),(774,167,17,'2015-02-17',5,0,20261661,870086,10297138),(775,176,17,'2015-02-17',5,0,20261661,870086,10297138),(776,171,17,'2015-02-17',5,0,20261661,870086,10297138),(777,179,17,'2015-02-17',5,0,20261661,870086,10297138),(778,181,17,'2015-02-17',5,0,20261661,870086,10297138),(779,151,18,'2015-02-17',5,0,17543348,614827,10297138),(780,180,18,'2015-02-17',5,0,17543348,614827,10297138),(781,196,18,'2015-02-17',5,0,17543348,614827,10297138),(782,211,18,'2015-02-17',5,0,17543348,614827,10297138),(783,188,18,'2015-02-17',5,0,17543348,614827,10297138),(784,190,18,'2015-02-17',5,0,17543348,614827,10297138),(785,188,18,'2015-02-17',5,0,17543348,614827,10297138),(786,198,18,'2015-02-17',5,0,17543348,614827,10297138),(787,187,18,'2015-02-17',5,0,17543348,614827,10297138),(788,197,18,'2015-02-17',5,0,17543348,614827,10297138),(789,199,18,'2015-02-17',5,0,17543348,614827,10297138),(790,186,18,'2015-02-17',5,0,17543348,614827,10297138),(791,189,19,'2015-02-17',5,0,13465160,442135,10297138),(792,211,19,'2015-02-17',5,0,13465160,442135,10297138),(793,202,19,'2015-02-17',5,0,13465160,442135,10297138),(794,216,19,'2015-02-17',5,0,13465160,442135,10297138),(795,216,19,'2015-02-17',5,0,13465160,442135,10297138),(796,219,19,'2015-02-17',5,0,13465160,442135,10297138),(797,215,19,'2015-02-17',5,0,13465160,442135,10297138),(798,222,19,'2015-02-17',5,0,13465160,442135,10297138),(799,229,19,'2015-02-17',5,0,13465160,442135,10297138),(800,219,19,'2015-02-17',5,0,13465160,442135,10297138),(801,236,19,'2015-02-17',5,0,13465160,442135,10297138),(802,224,19,'2015-02-17',5,0,13465160,442135,10297138),(803,249,20,'2015-02-17',5,0,11171349,323293,10297138),(804,244,20,'2015-02-17',5,0,11171349,323293,10297138),(805,248,20,'2015-02-17',5,0,11171349,323293,10297138),(806,253,20,'2015-02-17',5,0,11171349,323293,10297138),(807,249,20,'2015-02-17',5,0,11171349,323293,10297138),(808,247,20,'2015-02-17',5,0,11171349,323293,10297138),(809,211,20,'2015-02-17',5,0,11171349,323293,10297138),(810,269,20,'2015-02-17',5,0,11171349,323293,10297138),(811,240,20,'2015-02-17',5,0,11171349,323293,10297138),(812,241,20,'2015-02-17',5,0,11171349,323293,10297138),(813,247,20,'2015-02-17',5,0,11171349,323293,10297138),(814,263,20,'2015-02-17',5,0,11171349,323293,10297138),(815,257,21,'2015-02-17',5,0,9194389,240153,10297138),(816,253,21,'2015-02-17',5,0,9194389,240153,10297138),(817,253,21,'2015-02-17',5,0,9194389,240153,10297138),(818,275,21,'2015-02-17',5,0,9194389,240153,10297138),(819,240,21,'2015-02-17',5,0,9194389,240153,10297138),(820,250,21,'2015-02-17',5,0,9194389,240153,10297138),(821,257,21,'2015-02-17',5,0,9194389,240153,10297138),(822,256,21,'2015-02-17',5,0,9194389,240153,10297138),(823,234,21,'2015-02-17',5,0,9194389,240153,10297138),(824,235,21,'2015-02-17',5,0,9194389,240153,10297138),(825,254,21,'2015-02-17',5,0,9194389,240153,10297138),(826,238,21,'2015-02-17',5,0,9194389,240153,10297138),(827,251,22,'2015-02-17',5,0,6796676,185327,10297138),(828,240,22,'2015-02-17',5,0,6796676,185327,10297138),(829,263,22,'2015-02-17',5,0,6796676,185327,10297138),(830,253,22,'2015-02-17',5,0,6796676,185327,10297138),(831,252,22,'2015-02-17',5,0,6796676,185327,10297138),(832,258,22,'2015-02-17',5,0,6796676,185327,10297138),(833,268,22,'2015-02-17',5,0,6796676,185327,10297138),(834,258,22,'2015-02-17',5,0,6796676,185327,10297138),(835,323,22,'2015-02-17',5,0,6796676,185327,10297138),(836,260,22,'2015-02-17',5,0,6796676,185327,10297138),(837,244,22,'2015-02-17',5,0,6796676,185327,10297138),(838,246,22,'2015-02-17',5,0,6796676,185327,10297138),(839,183,23,'2015-02-17',5,0,4636096,157563,10297138),(840,237,23,'2015-02-17',5,0,4636096,157563,10297138),(841,244,23,'2015-02-17',5,0,4636096,157563,10297138),(842,104,23,'2015-02-17',5,0,4636096,157563,10297138),(843,118,23,'2015-02-17',5,0,4636096,157563,10297138),(844,100,23,'2015-02-17',5,0,4636096,157563,10297138),(845,118,23,'2015-02-17',5,0,4636096,157563,10297138),(846,97,23,'2015-02-17',5,0,4636096,157563,10297138),(847,91,23,'2015-02-17',5,0,4636096,157563,10297138),(848,85,23,'2015-02-17',5,0,4636096,157563,10297138),(849,105,23,'2015-02-17',5,0,4636096,157563,10297138),(850,87,0,'2017-01-26',4,1,2263990,55522,10124579),(851,80,0,'2017-01-26',4,1,2263990,55522,10124579),(852,91,0,'2017-01-26',4,1,2263990,55522,10124579),(853,75,0,'2017-01-26',4,1,2263990,55522,10124579),(854,87,0,'2017-01-26',4,1,2263990,55522,10124579),(855,110,0,'2017-01-26',4,1,2263990,55522,10124579),(856,83,0,'2017-01-26',4,1,2263990,55522,10124579),(857,89,0,'2017-01-26',4,1,2263990,55522,10124579),(858,78,0,'2017-01-26',4,1,2263990,55522,10124579),(859,88,0,'2017-01-26',4,1,2263990,55522,10124579),(860,77,0,'2017-01-26',4,1,2263990,55522,10124579),(861,92,1,'2017-01-26',4,1,1534668,56025,10124579),(862,78,1,'2017-01-26',4,1,1534668,56025,10124579),(863,89,1,'2017-01-26',4,1,1534668,56025,10124579),(864,80,1,'2017-01-26',4,1,1534668,56025,10124579),(865,90,1,'2017-01-26',4,1,1534668,56025,10124579),(866,80,1,'2017-01-26',4,1,1534668,56025,10124579),(867,87,1,'2017-01-26',4,1,1534668,56025,10124579),(868,77,1,'2017-01-26',4,1,1534668,56025,10124579),(869,104,1,'2017-01-26',4,1,1534668,56025,10124579),(870,106,1,'2017-01-26',4,1,1534668,56025,10124579),(871,89,1,'2017-01-26',4,1,1534668,56025,10124579),(872,82,1,'2017-01-26',4,1,1534668,56025,10124579),(873,94,2,'2017-01-26',4,1,1146168,61401,10124579),(874,87,2,'2017-01-26',4,1,1146168,61401,10124579),(875,98,2,'2017-01-26',4,1,1146168,61401,10124579),(876,103,2,'2017-01-26',4,1,1146168,61401,10124579),(877,91,2,'2017-01-26',4,1,1146168,61401,10124579),(878,87,2,'2017-01-26',4,1,1146168,61401,10124579),(879,83,2,'2017-01-26',4,1,1146168,61401,10124579),(880,94,2,'2017-01-26',4,1,1146168,61401,10124579),(881,98,2,'2017-01-26',4,1,1146168,61401,10124579),(882,90,2,'2017-01-26',4,1,1146168,61401,10124579),(883,87,2,'2017-01-26',4,1,1146168,61401,10124579),(884,80,2,'2017-01-26',4,1,1146168,61401,10124579),(885,95,3,'2017-01-26',4,1,1076856,81915,10124579),(886,93,3,'2017-01-26',4,1,1076856,81915,10124579),(887,98,3,'2017-01-26',4,1,1076856,81915,10124579),(888,91,3,'2017-01-26',4,1,1076856,81915,10124579),(889,115,3,'2017-01-26',4,1,1076856,81915,10124579),(890,92,3,'2017-01-26',4,1,1076856,81915,10124579),(891,106,3,'2017-01-26',4,1,1076856,81915,10124579),(892,97,3,'2017-01-26',4,1,1076856,81915,10124579),(893,91,3,'2017-01-26',4,1,1076856,81915,10124579),(894,99,3,'2017-01-26',4,1,1076856,81915,10124579),(895,93,3,'2017-01-26',4,1,1076856,81915,10124579),(896,116,3,'2017-01-26',4,1,1076856,81915,10124579),(897,103,4,'2017-01-26',4,1,1586722,120295,10124579),(898,89,4,'2017-01-26',4,1,1586722,120295,10124579),(899,88,4,'2017-01-26',4,1,1586722,120295,10124579),(900,91,4,'2017-01-26',4,1,1586722,120295,10124579),(901,95,4,'2017-01-26',4,1,1586722,120295,10124579),(902,89,4,'2017-01-26',4,1,1586722,120295,10124579),(903,92,4,'2017-01-26',4,1,1586722,120295,10124579),(904,88,4,'2017-01-26',4,1,1586722,120295,10124579),(905,92,4,'2017-01-26',4,1,1586722,120295,10124579),(906,86,4,'2017-01-26',4,1,1586722,120295,10124579),(907,91,4,'2017-01-26',4,1,1586722,120295,10124579),(908,127,5,'2017-01-26',4,1,3943211,240688,10124579),(909,88,5,'2017-01-26',4,1,3943211,240688,10124579),(910,83,5,'2017-01-26',4,1,3943211,240688,10124579),(911,92,5,'2017-01-26',4,1,3943211,240688,10124579),(912,95,5,'2017-01-26',4,1,3943211,240688,10124579),(913,91,5,'2017-01-26',4,1,3943211,240688,10124579),(914,95,5,'2017-01-26',4,1,3943211,240688,10124579),(915,87,5,'2017-01-26',4,1,3943211,240688,10124579),(916,93,5,'2017-01-26',4,1,3943211,240688,10124579),(917,85,5,'2017-01-26',4,1,3943211,240688,10124579),(918,93,5,'2017-01-26',4,1,3943211,240688,10124579),(919,90,6,'2017-01-26',4,1,7695815,439642,10124579),(920,98,6,'2017-01-26',4,1,7695815,439642,10124579),(921,83,6,'2017-01-26',4,1,7695815,439642,10124579),(922,76,6,'2017-01-26',4,1,7695815,439642,10124579),(923,86,6,'2017-01-26',4,1,7695815,439642,10124579),(924,84,6,'2017-01-26',4,1,7695815,439642,10124579),(925,79,6,'2017-01-26',4,1,7695815,439642,10124579),(926,86,6,'2017-01-26',4,1,7695815,439642,10124579),(927,77,6,'2017-01-26',4,1,7695815,439642,10124579),(928,88,6,'2017-01-26',4,1,7695815,439642,10124579),(929,92,6,'2017-01-26',4,1,7695815,439642,10124579),(930,83,6,'2017-01-26',4,1,7695815,439642,10124579),(931,77,7,'2017-01-26',4,1,10713741,533512,10124579),(932,83,7,'2017-01-26',4,1,10713741,533512,10124579),(933,77,7,'2017-01-26',4,1,10713741,533512,10124579),(934,80,7,'2017-01-26',4,1,10713741,533512,10124579),(935,76,7,'2017-01-26',4,1,10713741,533512,10124579),(936,80,7,'2017-01-26',4,1,10713741,533512,10124579),(937,84,7,'2017-01-26',4,1,10713741,533512,10124579),(938,86,7,'2017-01-26',4,1,10713741,533512,10124579),(939,76,7,'2017-01-26',4,1,10713741,533512,10124579),(940,80,7,'2017-01-26',4,1,10713741,533512,10124579),(941,83,7,'2017-01-26',4,1,10713741,533512,10124579),(942,86,8,'2017-01-26',4,1,11863474,598953,10124579),(943,84,8,'2017-01-26',4,1,11863474,598953,10124579),(944,106,8,'2017-01-26',4,1,11863474,598953,10124579),(945,93,8,'2017-01-26',4,1,11863474,598953,10124579),(946,79,8,'2017-01-26',4,1,11863474,598953,10124579),(947,76,8,'2017-01-26',4,1,11863474,598953,10124579),(948,100,8,'2017-01-26',4,1,11863474,598953,10124579),(949,122,8,'2017-01-26',4,1,11863474,598953,10124579),(950,82,8,'2017-01-26',4,1,11863474,598953,10124579),(951,87,8,'2017-01-26',4,1,11863474,598953,10124579),(952,82,8,'2017-01-26',4,1,11863474,598953,10124579),(953,79,8,'2017-01-26',4,1,11863474,598953,10124579),(954,97,9,'2017-01-26',4,1,13242181,688415,10124579),(955,90,9,'2017-01-26',4,1,13242181,688415,10124579),(956,78,9,'2017-01-26',4,1,13242181,688415,10124579),(957,102,9,'2017-01-26',4,1,13242181,688415,10124579),(958,109,9,'2017-01-26',4,1,13242181,688415,10124579),(959,90,9,'2017-01-26',4,1,13242181,688415,10124579),(960,84,9,'2017-01-26',4,1,13242181,688415,10124579),(961,93,9,'2017-01-26',4,1,13242181,688415,10124579),(962,88,9,'2017-01-26',4,1,13242181,688415,10124579),(963,94,9,'2017-01-26',4,1,13242181,688415,10124579),(964,87,9,'2017-01-26',4,1,13242181,688415,10124579),(965,85,9,'2017-01-26',4,1,13242181,688415,10124579),(966,94,10,'2017-01-26',4,1,14473087,676177,10124579),(967,101,10,'2017-01-26',4,1,14473087,676177,10124579),(968,81,10,'2017-01-26',4,1,14473087,676177,10124579),(969,101,10,'2017-01-26',4,1,14473087,676177,10124579),(970,105,10,'2017-01-26',4,1,14473087,676177,10124579),(971,97,10,'2017-01-26',4,1,14473087,676177,10124579),(972,94,10,'2017-01-26',4,1,14473087,676177,10124579),(973,107,10,'2017-01-26',4,1,14473087,676177,10124579),(974,104,10,'2017-01-26',4,1,14473087,676177,10124579),(975,99,10,'2017-01-26',4,1,14473087,676177,10124579),(976,131,10,'2017-01-26',4,1,14473087,676177,10124579),(977,99,10,'2017-01-26',4,1,14473087,676177,10124579),(978,103,11,'2017-01-26',4,1,14092662,607412,10124579),(979,108,11,'2017-01-26',4,1,14092662,607412,10124579),(980,120,11,'2017-01-26',4,1,14092662,607412,10124579),(981,103,11,'2017-01-26',4,1,14092662,607412,10124579),(982,112,11,'2017-01-26',4,1,14092662,607412,10124579),(983,114,11,'2017-01-26',4,1,14092662,607412,10124579),(984,106,11,'2017-01-26',4,1,14092662,607412,10124579),(985,98,11,'2017-01-26',4,1,14092662,607412,10124579),(986,114,11,'2017-01-26',4,1,14092662,607412,10124579),(987,112,11,'2017-01-26',4,1,14092662,607412,10124579),(988,130,11,'2017-01-26',4,1,14092662,607412,10124579),(989,133,11,'2017-01-26',4,1,14092662,607412,10124579),(990,113,12,'2017-01-26',4,1,13599682,543005,10124579),(991,89,12,'2017-01-26',4,1,13599682,543005,10124579),(992,108,12,'2017-01-26',4,1,13599682,543005,10124579),(993,114,12,'2017-01-26',4,1,13599682,543005,10124579),(994,126,12,'2017-01-26',4,1,13599682,543005,10124579),(995,114,12,'2017-01-26',4,1,13599682,543005,10124579),(996,106,12,'2017-01-26',4,1,13599682,543005,10124579),(997,118,12,'2017-01-26',4,1,13599682,543005,10124579),(998,103,12,'2017-01-26',4,1,13599682,543005,10124579),(999,116,12,'2017-01-26',4,1,13599682,543005,10124579),(1000,120,12,'2017-01-26',4,1,13599682,543005,10124579),(1001,153,12,'2017-01-26',4,1,13599682,543005,10124579),(1002,109,13,'2017-01-26',4,1,14700451,577625,10124579),(1003,120,13,'2017-01-26',4,1,14700451,577625,10124579),(1004,122,13,'2017-01-26',4,1,14700451,577625,10124579),(1005,103,13,'2017-01-26',4,1,14700451,577625,10124579),(1006,143,13,'2017-01-26',4,1,14700451,577625,10124579),(1007,117,13,'2017-01-26',4,1,14700451,577625,10124579),(1008,125,13,'2017-01-26',4,1,14700451,577625,10124579),(1009,119,13,'2017-01-26',4,1,14700451,577625,10124579),(1010,131,13,'2017-01-26',4,1,14700451,577625,10124579),(1011,127,13,'2017-01-26',4,1,14700451,577625,10124579),(1012,125,13,'2017-01-26',4,1,14700451,577625,10124579),(1013,139,13,'2017-01-26',4,1,14700451,577625,10124579),(1014,131,14,'2017-01-26',4,1,15286525,586611,10124579),(1015,123,14,'2017-01-26',4,1,15286525,586611,10124579),(1016,123,14,'2017-01-26',4,1,15286525,586611,10124579),(1017,149,14,'2017-01-26',4,1,15286525,586611,10124579),(1018,127,14,'2017-01-26',4,1,15286525,586611,10124579),(1019,148,14,'2017-01-26',4,1,15286525,586611,10124579),(1020,136,14,'2017-01-26',4,1,15286525,586611,10124579),(1021,142,14,'2017-01-26',4,1,15286525,586611,10124579),(1022,141,14,'2017-01-26',4,1,15286525,586611,10124579),(1023,132,14,'2017-01-26',4,1,15286525,586611,10124579),(1024,144,14,'2017-01-26',4,1,15286525,586611,10124579),(1025,142,14,'2017-01-26',4,1,15286525,586611,10124579),(1026,144,15,'2017-01-26',4,1,15616153,553681,10124579),(1027,154,15,'2017-01-26',4,1,15616153,553681,10124579),(1028,119,15,'2017-01-26',4,1,15616153,553681,10124579),(1029,150,15,'2017-01-26',4,1,15616153,553681,10124579),(1030,136,15,'2017-01-26',4,1,15616153,553681,10124579),(1031,138,15,'2017-01-26',4,1,15616153,553681,10124579),(1032,146,15,'2017-01-26',4,1,15616153,553681,10124579),(1033,148,15,'2017-01-26',4,1,15616153,553681,10124579),(1034,149,15,'2017-01-26',4,1,15616153,553681,10124579),(1035,149,15,'2017-01-26',4,1,15616153,553681,10124579),(1036,135,15,'2017-01-26',4,1,15616153,553681,10124579),(1037,144,15,'2017-01-26',4,1,15616153,553681,10124579),(1038,133,16,'2017-01-26',4,1,15978700,500434,10124579),(1039,154,16,'2017-01-26',4,1,15978700,500434,10124579),(1040,168,16,'2017-01-26',4,1,15978700,500434,10124579),(1041,157,16,'2017-01-26',4,1,15978700,500434,10124579),(1042,161,16,'2017-01-26',4,1,15978700,500434,10124579),(1043,239,16,'2017-01-26',4,1,15978700,500434,10124579),(1044,157,16,'2017-01-26',4,1,15978700,500434,10124579),(1045,167,16,'2017-01-26',4,1,15978700,500434,10124579),(1046,160,16,'2017-01-26',4,1,15978700,500434,10124579),(1047,158,16,'2017-01-26',4,1,15978700,500434,10124579),(1048,160,16,'2017-01-26',4,1,15978700,500434,10124579),(1049,173,16,'2017-01-26',4,1,15978700,500434,10124579),(1050,180,17,'2017-01-26',4,1,16007163,430053,10124579),(1051,168,17,'2017-01-26',4,1,16007163,430053,10124579),(1052,172,17,'2017-01-26',4,1,16007163,430053,10124579),(1053,182,17,'2017-01-26',4,1,16007163,430053,10124579),(1054,183,17,'2017-01-26',4,1,16007163,430053,10124579),(1055,178,17,'2017-01-26',4,1,16007163,430053,10124579),(1056,191,17,'2017-01-26',4,1,16007163,430053,10124579),(1057,187,17,'2017-01-26',4,1,16007163,430053,10124579),(1058,140,17,'2017-01-26',4,1,16007163,430053,10124579),(1059,170,17,'2017-01-26',4,1,16007163,430053,10124579),(1060,185,17,'2017-01-26',4,1,16007163,430053,10124579),(1061,188,17,'2017-01-26',4,1,16007163,430053,10124579),(1062,167,18,'2017-01-26',4,1,13614141,282458,10124579),(1063,189,18,'2017-01-26',4,1,13614141,282458,10124579),(1064,193,18,'2017-01-26',4,1,13614141,282458,10124579),(1065,202,18,'2017-01-26',4,1,13614141,282458,10124579),(1066,193,18,'2017-01-26',4,1,13614141,282458,10124579),(1067,162,18,'2017-01-26',4,1,13614141,282458,10124579),(1068,204,18,'2017-01-26',4,1,13614141,282458,10124579),(1069,197,18,'2017-01-26',4,1,13614141,282458,10124579),(1070,203,18,'2017-01-26',4,1,13614141,282458,10124579),(1071,185,18,'2017-01-26',4,1,13614141,282458,10124579),(1072,203,18,'2017-01-26',4,1,13614141,282458,10124579),(1073,199,18,'2017-01-26',4,1,13614141,282458,10124579),(1074,189,19,'2017-01-26',4,1,10278326,194536,10124579),(1075,199,19,'2017-01-26',4,1,10278326,194536,10124579),(1076,181,19,'2017-01-26',4,1,10278326,194536,10124579),(1077,182,19,'2017-01-26',4,1,10278326,194536,10124579),(1078,207,19,'2017-01-26',4,1,10278326,194536,10124579),(1079,187,19,'2017-01-26',4,1,10278326,194536,10124579),(1080,190,19,'2017-01-26',4,1,10278326,194536,10124579),(1081,203,19,'2017-01-26',4,1,10278326,194536,10124579),(1082,196,19,'2017-01-26',4,1,10278326,194536,10124579),(1083,184,19,'2017-01-26',4,1,10278326,194536,10124579),(1084,202,19,'2017-01-26',4,1,10278326,194536,10124579),(1085,177,19,'2017-01-26',4,1,10278326,194536,10124579),(1086,191,20,'2017-01-26',4,1,8327714,134453,10124579),(1087,241,20,'2017-01-26',4,1,8327714,134453,10124579),(1088,195,20,'2017-01-26',4,1,8327714,134453,10124579),(1089,183,20,'2017-01-26',4,1,8327714,134453,10124579),(1090,183,20,'2017-01-26',4,1,8327714,134453,10124579),(1091,193,20,'2017-01-26',4,1,8327714,134453,10124579),(1092,191,20,'2017-01-26',4,1,8327714,134453,10124579),(1093,189,20,'2017-01-26',4,1,8327714,134453,10124579),(1094,179,20,'2017-01-26',4,1,8327714,134453,10124579),(1095,183,20,'2017-01-26',4,1,8327714,134453,10124579),(1096,197,20,'2017-01-26',4,1,8327714,134453,10124579),(1097,186,20,'2017-01-26',4,1,8327714,134453,10124579),(1098,288,21,'2017-01-26',4,1,6816494,93863,10124579),(1099,210,21,'2017-01-26',4,1,6816494,93863,10124579),(1100,197,21,'2017-01-26',4,1,6816494,93863,10124579),(1101,229,21,'2017-01-26',4,1,6816494,93863,10124579),(1102,214,21,'2017-01-26',4,1,6816494,93863,10124579),(1103,203,21,'2017-01-26',4,1,6816494,93863,10124579),(1104,215,21,'2017-01-26',4,1,6816494,93863,10124579),(1105,223,21,'2017-01-26',4,1,6816494,93863,10124579),(1106,219,21,'2017-01-26',4,1,6816494,93863,10124579),(1107,216,21,'2017-01-26',4,1,6816494,93863,10124579),(1108,210,21,'2017-01-26',4,1,6816494,93863,10124579),(1109,230,21,'2017-01-26',4,1,6816494,93863,10124579),(1110,215,22,'2017-01-26',4,1,4954720,70169,10124579),(1111,221,22,'2017-01-26',4,1,4954720,70169,10124579),(1112,198,22,'2017-01-26',4,1,4954720,70169,10124579),(1113,230,22,'2017-01-26',4,1,4954720,70169,10124579),(1114,208,22,'2017-01-26',4,1,4954720,70169,10124579),(1115,221,22,'2017-01-26',4,1,4954720,70169,10124579),(1116,186,22,'2017-01-26',4,1,4954720,70169,10124579),(1117,208,22,'2017-01-26',4,1,4954720,70169,10124579),(1118,220,22,'2017-01-26',4,1,4954720,70169,10124579),(1119,251,22,'2017-01-26',4,1,4954720,70169,10124579),(1120,219,22,'2017-01-26',4,1,4954720,70169,10124579),(1121,256,22,'2017-01-26',4,1,4954720,70169,10124579),(1122,199,23,'2017-01-26',4,1,3336994,61849,10124579),(1123,252,23,'2017-01-26',4,1,3336994,61849,10124579),(1124,130,23,'2017-01-26',4,1,3336994,61849,10124579),(1125,146,23,'2017-01-26',4,1,3336994,61849,10124579),(1126,110,23,'2017-01-26',4,1,3336994,61849,10124579),(1127,108,23,'2017-01-26',4,1,3336994,61849,10124579),(1128,108,23,'2017-01-26',4,1,3336994,61849,10124579),(1129,120,23,'2017-01-26',4,1,3336994,61849,10124579),(1130,106,23,'2017-01-26',4,1,3336994,61849,10124579),(1131,112,23,'2017-01-26',4,1,3336994,61849,10124579),(1132,104,23,'2017-01-26',4,1,3336994,61849,10124579),(1133,101,23,'2017-01-26',4,1,3336994,61849,10124579),(1134,95,0,'2018-02-14',4,0,2062008,46739,10049607),(1135,89,0,'2018-02-14',4,0,2062008,46739,10049607),(1136,76,0,'2018-02-14',4,0,2062008,46739,10049607),(1137,94,0,'2018-02-14',4,0,2062008,46739,10049607),(1138,85,0,'2018-02-14',4,0,2062008,46739,10049607),(1139,96,0,'2018-02-14',4,0,2062008,46739,10049607),(1140,85,0,'2018-02-14',4,0,2062008,46739,10049607),(1141,92,0,'2018-02-14',4,0,2062008,46739,10049607),(1142,83,0,'2018-02-14',4,0,2062008,46739,10049607),(1143,108,0,'2018-02-14',4,0,2062008,46739,10049607),(1144,86,0,'2018-02-14',4,0,2062008,46739,10049607),(1145,82,0,'2018-02-14',4,0,2062008,46739,10049607),(1146,89,1,'2018-02-14',4,0,1404611,48487,10049607),(1147,79,1,'2018-02-14',4,0,1404611,48487,10049607),(1148,92,1,'2018-02-14',4,0,1404611,48487,10049607),(1149,96,1,'2018-02-14',4,0,1404611,48487,10049607),(1150,84,1,'2018-02-14',4,0,1404611,48487,10049607),(1151,93,1,'2018-02-14',4,0,1404611,48487,10049607),(1152,84,1,'2018-02-14',4,0,1404611,48487,10049607),(1153,91,1,'2018-02-14',4,0,1404611,48487,10049607),(1154,95,1,'2018-02-14',4,0,1404611,48487,10049607),(1155,72,1,'2018-02-14',4,0,1404611,48487,10049607),(1156,98,1,'2018-02-14',4,0,1404611,48487,10049607),(1157,91,1,'2018-02-14',4,0,1404611,48487,10049607),(1158,84,2,'2018-02-14',4,0,1075574,56086,10049607),(1159,81,2,'2018-02-14',4,0,1075574,56086,10049607),(1160,88,2,'2018-02-14',4,0,1075574,56086,10049607),(1161,80,2,'2018-02-14',4,0,1075574,56086,10049607),(1162,103,2,'2018-02-14',4,0,1075574,56086,10049607),(1163,80,2,'2018-02-14',4,0,1075574,56086,10049607),(1164,84,2,'2018-02-14',4,0,1075574,56086,10049607),(1165,81,2,'2018-02-14',4,0,1075574,56086,10049607),(1166,89,2,'2018-02-14',4,0,1075574,56086,10049607),(1167,79,2,'2018-02-14',4,0,1075574,56086,10049607),(1168,83,2,'2018-02-14',4,0,1075574,56086,10049607),(1169,86,2,'2018-02-14',4,0,1075574,56086,10049607),(1170,87,3,'2018-02-14',4,0,1010519,68881,10049607),(1171,92,3,'2018-02-14',4,0,1010519,68881,10049607),(1172,107,3,'2018-02-14',4,0,1010519,68881,10049607),(1173,83,3,'2018-02-14',4,0,1010519,68881,10049607),(1174,90,3,'2018-02-14',4,0,1010519,68881,10049607),(1175,88,3,'2018-02-14',4,0,1010519,68881,10049607),(1176,99,3,'2018-02-14',4,0,1010519,68881,10049607),(1177,75,3,'2018-02-14',4,0,1010519,68881,10049607),(1178,109,3,'2018-02-14',4,0,1010519,68881,10049607),(1179,101,3,'2018-02-14',4,0,1010519,68881,10049607),(1180,92,3,'2018-02-14',4,0,1010519,68881,10049607),(1181,96,3,'2018-02-14',4,0,1010519,68881,10049607),(1182,83,4,'2018-02-14',4,0,1513685,103093,10049607),(1183,108,4,'2018-02-14',4,0,1513685,103093,10049607),(1184,95,4,'2018-02-14',4,0,1513685,103093,10049607),(1185,84,4,'2018-02-14',4,0,1513685,103093,10049607),(1186,88,4,'2018-02-14',4,0,1513685,103093,10049607),(1187,82,4,'2018-02-14',4,0,1513685,103093,10049607),(1188,90,4,'2018-02-14',4,0,1513685,103093,10049607),(1189,86,4,'2018-02-14',4,0,1513685,103093,10049607),(1190,92,4,'2018-02-14',4,0,1513685,103093,10049607),(1191,86,4,'2018-02-14',4,0,1513685,103093,10049607),(1192,93,4,'2018-02-14',4,0,1513685,103093,10049607),(1193,89,4,'2018-02-14',4,0,1513685,103093,10049607),(1194,82,5,'2018-02-14',4,0,3739115,188766,10049607),(1195,92,5,'2018-02-14',4,0,3739115,188766,10049607),(1196,99,5,'2018-02-14',4,0,3739115,188766,10049607),(1197,90,5,'2018-02-14',4,0,3739115,188766,10049607),(1198,88,5,'2018-02-14',4,0,3739115,188766,10049607),(1199,85,5,'2018-02-14',4,0,3739115,188766,10049607),(1200,70,5,'2018-02-14',4,0,3739115,188766,10049607),(1201,89,5,'2018-02-14',4,0,3739115,188766,10049607),(1202,94,5,'2018-02-14',4,0,3739115,188766,10049607),(1203,85,5,'2018-02-14',4,0,3739115,188766,10049607),(1204,80,5,'2018-02-14',4,0,3739115,188766,10049607),(1205,91,5,'2018-02-14',4,0,3739115,188766,10049607),(1206,87,6,'2018-02-14',4,0,7130843,370566,10049607),(1207,83,6,'2018-02-14',4,0,7130843,370566,10049607),(1208,114,6,'2018-02-14',4,0,7130843,370566,10049607),(1209,87,6,'2018-02-14',4,0,7130843,370566,10049607),(1210,78,6,'2018-02-14',4,0,7130843,370566,10049607),(1211,84,6,'2018-02-14',4,0,7130843,370566,10049607),(1212,88,6,'2018-02-14',4,0,7130843,370566,10049607),(1213,81,6,'2018-02-14',4,0,7130843,370566,10049607),(1214,88,6,'2018-02-14',4,0,7130843,370566,10049607),(1215,81,6,'2018-02-14',4,0,7130843,370566,10049607),(1216,85,6,'2018-02-14',4,0,7130843,370566,10049607),(1217,83,7,'2018-02-14',4,0,10017061,461543,10049607),(1218,88,7,'2018-02-14',4,0,10017061,461543,10049607),(1219,89,7,'2018-02-14',4,0,10017061,461543,10049607),(1220,90,7,'2018-02-14',4,0,10017061,461543,10049607),(1221,85,7,'2018-02-14',4,0,10017061,461543,10049607),(1222,89,7,'2018-02-14',4,0,10017061,461543,10049607),(1223,78,7,'2018-02-14',4,0,10017061,461543,10049607),(1224,86,7,'2018-02-14',4,0,10017061,461543,10049607),(1225,91,7,'2018-02-14',4,0,10017061,461543,10049607),(1226,85,7,'2018-02-14',4,0,10017061,461543,10049607),(1227,92,7,'2018-02-14',4,0,10017061,461543,10049607),(1228,87,7,'2018-02-14',4,0,10017061,461543,10049607),(1229,88,8,'2018-02-14',4,0,11151705,518635,10049607),(1230,79,8,'2018-02-14',4,0,11151705,518635,10049607),(1231,86,8,'2018-02-14',4,0,11151705,518635,10049607),(1232,77,8,'2018-02-14',4,0,11151705,518635,10049607),(1233,88,8,'2018-02-14',4,0,11151705,518635,10049607),(1234,82,8,'2018-02-14',4,0,11151705,518635,10049607),(1235,76,8,'2018-02-14',4,0,11151705,518635,10049607),(1236,81,8,'2018-02-14',4,0,11151705,518635,10049607),(1237,79,8,'2018-02-14',4,0,11151705,518635,10049607),(1238,89,8,'2018-02-14',4,0,11151705,518635,10049607),(1239,79,8,'2018-02-14',4,0,11151705,518635,10049607),(1240,109,9,'2018-02-14',4,0,12240786,592020,10049607),(1241,92,9,'2018-02-14',4,0,12240786,592020,10049607),(1242,90,9,'2018-02-14',4,0,12240786,592020,10049607),(1243,84,9,'2018-02-14',4,0,12240786,592020,10049607),(1244,92,9,'2018-02-14',4,0,12240786,592020,10049607),(1245,96,9,'2018-02-14',4,0,12240786,592020,10049607),(1246,98,9,'2018-02-14',4,0,12240786,592020,10049607),(1247,97,9,'2018-02-14',4,0,12240786,592020,10049607),(1248,94,9,'2018-02-14',4,0,12240786,592020,10049607),(1249,88,9,'2018-02-14',4,0,12240786,592020,10049607),(1250,74,9,'2018-02-14',4,0,12240786,592020,10049607),(1251,87,10,'2018-02-14',4,0,13237082,572941,10049607),(1252,90,10,'2018-02-14',4,0,13237082,572941,10049607),(1253,96,10,'2018-02-14',4,0,13237082,572941,10049607),(1254,94,10,'2018-02-14',4,0,13237082,572941,10049607),(1255,83,10,'2018-02-14',4,0,13237082,572941,10049607),(1256,95,10,'2018-02-14',4,0,13237082,572941,10049607),(1257,87,10,'2018-02-14',4,0,13237082,572941,10049607),(1258,132,10,'2018-02-14',4,0,13237082,572941,10049607),(1259,106,10,'2018-02-14',4,0,13237082,572941,10049607),(1260,82,10,'2018-02-14',4,0,13237082,572941,10049607),(1261,94,10,'2018-02-14',4,0,13237082,572941,10049607),(1262,87,10,'2018-02-14',4,0,13237082,572941,10049607),(1263,89,11,'2018-02-14',4,0,12896834,515435,10049607),(1264,122,11,'2018-02-14',4,0,12896834,515435,10049607),(1265,109,11,'2018-02-14',4,0,12896834,515435,10049607),(1266,99,11,'2018-02-14',4,0,12896834,515435,10049607),(1267,105,11,'2018-02-14',4,0,12896834,515435,10049607),(1268,95,11,'2018-02-14',4,0,12896834,515435,10049607),(1269,89,11,'2018-02-14',4,0,12896834,515435,10049607),(1270,99,11,'2018-02-14',4,0,12896834,515435,10049607),(1271,102,11,'2018-02-14',4,0,12896834,515435,10049607),(1272,107,11,'2018-02-14',4,0,12896834,515435,10049607),(1273,111,11,'2018-02-14',4,0,12896834,515435,10049607),(1274,130,11,'2018-02-14',4,0,12896834,515435,10049607),(1275,114,12,'2018-02-14',4,0,12505601,460235,10049607),(1276,103,12,'2018-02-14',4,0,12505601,460235,10049607),(1277,111,12,'2018-02-14',4,0,12505601,460235,10049607),(1278,119,12,'2018-02-14',4,0,12505601,460235,10049607),(1279,106,12,'2018-02-14',4,0,12505601,460235,10049607),(1280,108,12,'2018-02-14',4,0,12505601,460235,10049607),(1281,118,12,'2018-02-14',4,0,12505601,460235,10049607),(1282,108,12,'2018-02-14',4,0,12505601,460235,10049607),(1283,113,12,'2018-02-14',4,0,12505601,460235,10049607),(1284,134,12,'2018-02-14',4,0,12505601,460235,10049607),(1285,115,12,'2018-02-14',4,0,12505601,460235,10049607),(1286,119,12,'2018-02-14',4,0,12505601,460235,10049607),(1287,111,13,'2018-02-14',4,0,13521478,488713,10049607),(1288,93,13,'2018-02-14',4,0,13521478,488713,10049607),(1289,112,13,'2018-02-14',4,0,13521478,488713,10049607),(1290,108,13,'2018-02-14',4,0,13521478,488713,10049607),(1291,103,13,'2018-02-14',4,0,13521478,488713,10049607),(1292,109,13,'2018-02-14',4,0,13521478,488713,10049607),(1293,105,13,'2018-02-14',4,0,13521478,488713,10049607),(1294,109,13,'2018-02-14',4,0,13521478,488713,10049607),(1295,116,13,'2018-02-14',4,0,13521478,488713,10049607),(1296,101,13,'2018-02-14',4,0,13521478,488713,10049607),(1297,105,13,'2018-02-14',4,0,13521478,488713,10049607),(1298,114,13,'2018-02-14',4,0,13521478,488713,10049607),(1299,118,14,'2018-02-14',4,0,14037169,500614,10049607),(1300,108,14,'2018-02-14',4,0,14037169,500614,10049607),(1301,113,14,'2018-02-14',4,0,14037169,500614,10049607),(1302,132,14,'2018-02-14',4,0,14037169,500614,10049607),(1303,116,14,'2018-02-14',4,0,14037169,500614,10049607),(1304,113,14,'2018-02-14',4,0,14037169,500614,10049607),(1305,115,14,'2018-02-14',4,0,14037169,500614,10049607),(1306,107,14,'2018-02-14',4,0,14037169,500614,10049607),(1307,116,14,'2018-02-14',4,0,14037169,500614,10049607),(1308,113,14,'2018-02-14',4,0,14037169,500614,10049607),(1309,118,14,'2018-02-14',4,0,14037169,500614,10049607),(1310,122,14,'2018-02-14',4,0,14037169,500614,10049607),(1311,123,15,'2018-02-14',4,0,14342853,469771,10049607),(1312,129,15,'2018-02-14',4,0,14342853,469771,10049607),(1313,123,15,'2018-02-14',4,0,14342853,469771,10049607),(1314,126,15,'2018-02-14',4,0,14342853,469771,10049607),(1315,133,15,'2018-02-14',4,0,14342853,469771,10049607),(1316,123,15,'2018-02-14',4,0,14342853,469771,10049607),(1317,140,15,'2018-02-14',4,0,14342853,469771,10049607),(1318,135,15,'2018-02-14',4,0,14342853,469771,10049607),(1319,124,15,'2018-02-14',4,0,14342853,469771,10049607),(1320,131,15,'2018-02-14',4,0,14342853,469771,10049607),(1321,98,15,'2018-02-14',4,0,14342853,469771,10049607),(1322,118,15,'2018-02-14',4,0,14342853,469771,10049607),(1323,129,16,'2018-02-14',4,0,14725316,425221,10049607),(1324,141,16,'2018-02-14',4,0,14725316,425221,10049607),(1325,141,16,'2018-02-14',4,0,14725316,425221,10049607),(1326,182,16,'2018-02-14',4,0,14725316,425221,10049607),(1327,125,16,'2018-02-14',4,0,14725316,425221,10049607),(1328,148,16,'2018-02-14',4,0,14725316,425221,10049607),(1329,140,16,'2018-02-14',4,0,14725316,425221,10049607),(1330,137,16,'2018-02-14',4,0,14725316,425221,10049607),(1331,146,16,'2018-02-14',4,0,14725316,425221,10049607),(1332,141,16,'2018-02-14',4,0,14725316,425221,10049607),(1333,137,16,'2018-02-14',4,0,14725316,425221,10049607),(1334,149,16,'2018-02-14',4,0,14725316,425221,10049607),(1335,137,17,'2018-02-14',4,0,14811510,358830,10049607),(1336,155,17,'2018-02-14',4,0,14811510,358830,10049607),(1337,156,17,'2018-02-14',4,0,14811510,358830,10049607),(1338,149,17,'2018-02-14',4,0,14811510,358830,10049607),(1339,147,17,'2018-02-14',4,0,14811510,358830,10049607),(1340,157,17,'2018-02-14',4,0,14811510,358830,10049607),(1341,160,17,'2018-02-14',4,0,14811510,358830,10049607),(1342,188,17,'2018-02-14',4,0,14811510,358830,10049607),(1343,148,17,'2018-02-14',4,0,14811510,358830,10049607),(1344,182,17,'2018-02-14',4,0,14811510,358830,10049607),(1345,164,17,'2018-02-14',4,0,14811510,358830,10049607),(1346,162,17,'2018-02-14',4,0,14811510,358830,10049607),(1347,173,18,'2018-02-14',4,0,12616185,229294,10049607),(1348,166,18,'2018-02-14',4,0,12616185,229294,10049607),(1349,218,18,'2018-02-14',4,0,12616185,229294,10049607),(1350,174,18,'2018-02-14',4,0,12616185,229294,10049607),(1351,183,18,'2018-02-14',4,0,12616185,229294,10049607),(1352,172,18,'2018-02-14',4,0,12616185,229294,10049607),(1353,256,18,'2018-02-14',4,0,12616185,229294,10049607),(1354,126,18,'2018-02-14',4,0,12616185,229294,10049607),(1355,177,18,'2018-02-14',4,0,12616185,229294,10049607),(1356,174,18,'2018-02-14',4,0,12616185,229294,10049607),(1357,172,18,'2018-02-14',4,0,12616185,229294,10049607),(1358,174,18,'2018-02-14',4,0,12616185,229294,10049607),(1359,170,19,'2018-02-14',4,0,9387736,154941,10049607),(1360,171,19,'2018-02-14',4,0,9387736,154941,10049607),(1361,158,19,'2018-02-14',4,0,9387736,154941,10049607),(1362,168,19,'2018-02-14',4,0,9387736,154941,10049607),(1363,176,19,'2018-02-14',4,0,9387736,154941,10049607),(1364,196,19,'2018-02-14',4,0,9387736,154941,10049607),(1365,183,19,'2018-02-14',4,0,9387736,154941,10049607),(1366,165,19,'2018-02-14',4,0,9387736,154941,10049607),(1367,171,19,'2018-02-14',4,0,9387736,154941,10049607),(1368,136,19,'2018-02-14',4,0,9387736,154941,10049607),(1369,168,19,'2018-02-14',4,0,9387736,154941,10049607),(1370,175,19,'2018-02-14',4,0,9387736,154941,10049607),(1371,149,20,'2018-02-14',4,0,7572362,108346,10049607),(1372,172,20,'2018-02-14',4,0,7572362,108346,10049607),(1373,179,20,'2018-02-14',4,0,7572362,108346,10049607),(1374,164,20,'2018-02-14',4,0,7572362,108346,10049607),(1375,246,20,'2018-02-14',4,0,7572362,108346,10049607),(1376,174,20,'2018-02-14',4,0,7572362,108346,10049607),(1377,178,20,'2018-02-14',4,0,7572362,108346,10049607),(1378,189,20,'2018-02-14',4,0,7572362,108346,10049607),(1379,166,20,'2018-02-14',4,0,7572362,108346,10049607),(1380,169,20,'2018-02-14',4,0,7572362,108346,10049607),(1381,163,20,'2018-02-14',4,0,7572362,108346,10049607),(1382,179,20,'2018-02-14',4,0,7572362,108346,10049607),(1383,172,21,'2018-02-14',4,0,6205753,77044,10049607),(1384,191,21,'2018-02-14',4,0,6205753,77044,10049607),(1385,181,21,'2018-02-14',4,0,6205753,77044,10049607),(1386,171,21,'2018-02-14',4,0,6205753,77044,10049607),(1387,164,21,'2018-02-14',4,0,6205753,77044,10049607),(1388,184,21,'2018-02-14',4,0,6205753,77044,10049607),(1389,175,21,'2018-02-14',4,0,6205753,77044,10049607),(1390,179,21,'2018-02-14',4,0,6205753,77044,10049607),(1391,151,21,'2018-02-14',4,0,6205753,77044,10049607),(1392,175,21,'2018-02-14',4,0,6205753,77044,10049607),(1393,194,21,'2018-02-14',4,0,6205753,77044,10049607),(1394,190,21,'2018-02-14',4,0,6205753,77044,10049607),(1395,176,22,'2018-02-14',4,0,4511182,58402,10049607),(1396,183,22,'2018-02-14',4,0,4511182,58402,10049607),(1397,164,22,'2018-02-14',4,0,4511182,58402,10049607),(1398,170,22,'2018-02-14',4,0,4511182,58402,10049607),(1399,186,22,'2018-02-14',4,0,4511182,58402,10049607),(1400,170,22,'2018-02-14',4,0,4511182,58402,10049607),(1401,169,22,'2018-02-14',4,0,4511182,58402,10049607),(1402,210,22,'2018-02-14',4,0,4511182,58402,10049607),(1403,221,22,'2018-02-14',4,0,4511182,58402,10049607),(1404,169,22,'2018-02-14',4,0,4511182,58402,10049607),(1405,177,22,'2018-02-14',4,0,4511182,58402,10049607),(1406,170,22,'2018-02-14',4,0,4511182,58402,10049607),(1407,144,23,'2018-02-14',4,0,3057070,55743,10049607),(1408,181,23,'2018-02-14',4,0,3057070,55743,10049607),(1409,212,23,'2018-02-14',4,0,3057070,55743,10049607),(1410,74,0,'2020-01-23',4,0,6931877,654882,9911088),(1411,70,0,'2020-01-23',4,0,6931877,654882,9911088),(1412,80,0,'2020-01-23',4,0,6931877,654882,9911088),(1413,73,0,'2020-01-23',4,0,6931877,654882,9911088),(1414,80,0,'2020-01-23',4,0,6931877,654882,9911088),(1415,76,0,'2020-01-23',4,0,6931877,654882,9911088),(1416,83,0,'2020-01-23',4,0,6931877,654882,9911088),(1417,78,0,'2020-01-23',4,0,6931877,654882,9911088),(1418,89,0,'2020-01-23',4,0,6931877,654882,9911088),(1419,98,0,'2020-01-23',4,0,6931877,654882,9911088),(1420,76,1,'2020-01-23',4,0,3910325,423050,9911088),(1421,82,1,'2020-01-23',4,0,3910325,423050,9911088),(1422,76,1,'2020-01-23',4,0,3910325,423050,9911088),(1423,84,1,'2020-01-23',4,0,3910325,423050,9911088),(1424,105,1,'2020-01-23',4,0,3910325,423050,9911088),(1425,86,1,'2020-01-23',4,0,3910325,423050,9911088),(1426,80,1,'2020-01-23',4,0,3910325,423050,9911088),(1427,86,1,'2020-01-23',4,0,3910325,423050,9911088),(1428,80,1,'2020-01-23',4,0,3910325,423050,9911088),(1429,86,1,'2020-01-23',4,0,3910325,423050,9911088),(1430,80,1,'2020-01-23',4,0,3910325,423050,9911088),(1431,89,1,'2020-01-23',4,0,3910325,423050,9911088),(1432,72,2,'2020-01-23',4,0,3073500,479703,9911088),(1433,82,2,'2020-01-23',4,0,3073500,479703,9911088),(1434,86,2,'2020-01-23',4,0,3073500,479703,9911088),(1435,82,2,'2020-01-23',4,0,3073500,479703,9911088),(1436,87,2,'2020-01-23',4,0,3073500,479703,9911088),(1437,79,2,'2020-01-23',4,0,3073500,479703,9911088),(1438,85,2,'2020-01-23',4,0,3073500,479703,9911088),(1439,82,2,'2020-01-23',4,0,3073500,479703,9911088),(1440,89,2,'2020-01-23',4,0,3073500,479703,9911088),(1441,87,2,'2020-01-23',4,0,3073500,479703,9911088),(1442,82,2,'2020-01-23',4,0,3073500,479703,9911088),(1443,87,3,'2020-01-23',4,0,3184334,577997,9911088),(1444,82,3,'2020-01-23',4,0,3184334,577997,9911088),(1445,89,3,'2020-01-23',4,0,3184334,577997,9911088),(1446,94,3,'2020-01-23',4,0,3184334,577997,9911088),(1447,85,3,'2020-01-23',4,0,3184334,577997,9911088),(1448,112,3,'2020-01-23',4,0,3184334,577997,9911088),(1449,86,3,'2020-01-23',4,0,3184334,577997,9911088),(1450,93,3,'2020-01-23',4,0,3184334,577997,9911088),(1451,76,3,'2020-01-23',4,0,3184334,577997,9911088),(1452,93,3,'2020-01-23',4,0,3184334,577997,9911088),(1453,88,3,'2020-01-23',4,0,3184334,577997,9911088),(1454,91,3,'2020-01-23',4,0,3184334,577997,9911088),(1455,87,4,'2020-01-23',4,0,5676460,765750,9911088),(1456,91,4,'2020-01-23',4,0,5676460,765750,9911088),(1457,79,4,'2020-01-23',4,0,5676460,765750,9911088),(1458,96,4,'2020-01-23',4,0,5676460,765750,9911088),(1459,84,4,'2020-01-23',4,0,5676460,765750,9911088),(1460,81,4,'2020-01-23',4,0,5676460,765750,9911088),(1461,89,4,'2020-01-23',4,0,5676460,765750,9911088),(1462,82,4,'2020-01-23',4,0,5676460,765750,9911088),(1463,104,4,'2020-01-23',4,0,5676460,765750,9911088),(1464,79,4,'2020-01-23',4,0,5676460,765750,9911088),(1465,87,4,'2020-01-23',4,0,5676460,765750,9911088),(1466,89,4,'2020-01-23',4,0,5676460,765750,9911088),(1467,94,6,'2020-01-23',4,0,33702462,1629920,9911088),(1468,108,6,'2020-01-23',4,0,33702462,1629920,9911088),(1469,94,6,'2020-01-23',4,0,33702462,1629920,9911088),(1470,98,6,'2020-01-23',4,0,33702462,1629920,9911088),(1471,94,6,'2020-01-23',4,0,33702462,1629920,9911088),(1472,88,6,'2020-01-23',4,0,33702462,1629920,9911088),(1473,92,6,'2020-01-23',4,0,33702462,1629920,9911088),(1474,97,6,'2020-01-23',4,0,33702462,1629920,9911088),(1475,91,6,'2020-01-23',4,0,33702462,1629920,9911088),(1476,95,6,'2020-01-23',4,0,33702462,1629920,9911088),(1477,93,6,'2020-01-23',4,0,33702462,1629920,9911088),(1478,90,6,'2020-01-23',4,0,33702462,1629920,9911088),(1479,91,7,'2020-01-23',4,0,51388364,1765147,9911088),(1480,84,7,'2020-01-23',4,0,51388364,1765147,9911088),(1481,92,7,'2020-01-23',4,0,51388364,1765147,9911088),(1482,77,7,'2020-01-23',4,0,51388364,1765147,9911088),(1483,130,7,'2020-01-23',4,0,51388364,1765147,9911088),(1484,91,7,'2020-01-23',4,0,51388364,1765147,9911088),(1485,88,7,'2020-01-23',4,0,51388364,1765147,9911088),(1486,73,7,'2020-01-23',4,0,51388364,1765147,9911088),(1487,88,7,'2020-01-23',4,0,51388364,1765147,9911088),(1488,94,7,'2020-01-23',4,0,51388364,1765147,9911088),(1489,91,7,'2020-01-23',4,0,51388364,1765147,9911088),(1490,91,7,'2020-01-23',4,0,51388364,1765147,9911088),(1491,102,8,'2020-01-23',4,0,51740388,2010702,9911088),(1492,99,8,'2020-01-23',4,0,51740388,2010702,9911088),(1493,89,8,'2020-01-23',4,0,51740388,2010702,9911088),(1494,106,8,'2020-01-23',4,0,51740388,2010702,9911088),(1495,114,8,'2020-01-23',4,0,51740388,2010702,9911088),(1496,104,8,'2020-01-23',4,0,51740388,2010702,9911088),(1497,96,8,'2020-01-23',4,0,51740388,2010702,9911088),(1498,98,8,'2020-01-23',4,0,51740388,2010702,9911088),(1499,94,8,'2020-01-23',4,0,51740388,2010702,9911088),(1500,103,8,'2020-01-23',4,0,51740388,2010702,9911088),(1501,104,8,'2020-01-23',4,0,51740388,2010702,9911088),(1502,97,8,'2020-01-23',4,0,51740388,2010702,9911088),(1503,100,9,'2020-01-23',4,0,49797211,2208959,9911088),(1504,102,9,'2020-01-23',4,0,49797211,2208959,9911088),(1505,93,9,'2020-01-23',4,0,49797211,2208959,9911088),(1506,126,9,'2020-01-23',4,0,49797211,2208959,9911088),(1507,99,9,'2020-01-23',4,0,49797211,2208959,9911088),(1508,102,9,'2020-01-23',4,0,49797211,2208959,9911088),(1509,93,9,'2020-01-23',4,0,49797211,2208959,9911088),(1510,99,9,'2020-01-23',4,0,49797211,2208959,9911088),(1511,103,9,'2020-01-23',4,0,49797211,2208959,9911088),(1512,107,9,'2020-01-23',4,0,49797211,2208959,9911088),(1513,125,9,'2020-01-23',4,0,49797211,2208959,9911088),(1514,118,9,'2020-01-23',4,0,49797211,2208959,9911088),(1515,96,10,'2020-01-23',4,0,53135274,2023882,9911088),(1516,94,10,'2020-01-23',4,0,53135274,2023882,9911088),(1517,93,10,'2020-01-23',4,0,53135274,2023882,9911088),(1518,110,10,'2020-01-23',4,0,53135274,2023882,9911088),(1519,97,10,'2020-01-23',4,0,53135274,2023882,9911088),(1520,90,10,'2020-01-23',4,0,53135274,2023882,9911088),(1521,119,10,'2020-01-23',4,0,53135274,2023882,9911088),(1522,96,10,'2020-01-23',4,0,53135274,2023882,9911088),(1523,87,10,'2020-01-23',4,0,53135274,2023882,9911088),(1524,83,10,'2020-01-23',4,0,53135274,2023882,9911088),(1525,102,10,'2020-01-23',4,0,53135274,2023882,9911088),(1526,93,10,'2020-01-23',4,0,53135274,2023882,9911088),(1527,94,11,'2020-01-23',4,0,52246935,1820612,9911088),(1528,108,11,'2020-01-23',4,0,52246935,1820612,9911088),(1529,87,11,'2020-01-23',4,0,52246935,1820612,9911088),(1530,116,11,'2020-01-23',4,0,52246935,1820612,9911088),(1531,99,11,'2020-01-23',4,0,52246935,1820612,9911088),(1532,108,11,'2020-01-23',4,0,52246935,1820612,9911088),(1533,111,11,'2020-01-23',4,0,52246935,1820612,9911088),(1534,102,11,'2020-01-23',4,0,52246935,1820612,9911088),(1535,95,11,'2020-01-23',4,0,52246935,1820612,9911088),(1536,106,11,'2020-01-23',4,0,52246935,1820612,9911088),(1537,90,11,'2020-01-23',4,0,52246935,1820612,9911088),(1538,104,11,'2020-01-23',4,0,52246935,1820612,9911088),(1539,107,12,'2020-01-23',4,0,50664256,1586687,9911088),(1540,104,12,'2020-01-23',4,0,50664256,1586687,9911088),(1541,108,12,'2020-01-23',4,0,50664256,1586687,9911088),(1542,120,12,'2020-01-23',4,0,50664256,1586687,9911088),(1543,99,12,'2020-01-23',4,0,50664256,1586687,9911088),(1544,136,12,'2020-01-23',4,0,50664256,1586687,9911088),(1545,105,12,'2020-01-23',4,0,50664256,1586687,9911088),(1546,101,12,'2020-01-23',4,0,50664256,1586687,9911088),(1547,111,12,'2020-01-23',4,0,50664256,1586687,9911088),(1548,109,12,'2020-01-23',4,0,50664256,1586687,9911088),(1549,80,12,'2020-01-23',4,0,50664256,1586687,9911088),(1550,110,12,'2020-01-23',4,0,50664256,1586687,9911088),(1551,104,13,'2020-01-23',4,0,55434200,1651664,9911088),(1552,112,13,'2020-01-23',4,0,55434200,1651664,9911088),(1553,104,13,'2020-01-23',4,0,55434200,1651664,9911088),(1554,102,13,'2020-01-23',4,0,55434200,1651664,9911088),(1555,111,13,'2020-01-23',4,0,55434200,1651664,9911088),(1556,113,13,'2020-01-23',4,0,55434200,1651664,9911088),(1557,115,13,'2020-01-23',4,0,55434200,1651664,9911088),(1558,123,13,'2020-01-23',4,0,55434200,1651664,9911088),(1559,111,13,'2020-01-23',4,0,55434200,1651664,9911088),(1560,108,13,'2020-01-23',4,0,55434200,1651664,9911088),(1561,113,13,'2020-01-23',4,0,55434200,1651664,9911088),(1562,102,13,'2020-01-23',4,0,55434200,1651664,9911088),(1563,105,14,'2020-01-23',4,0,57668715,1654545,9911088),(1564,122,14,'2020-01-23',4,0,57668715,1654545,9911088),(1565,124,14,'2020-01-23',4,0,57668715,1654545,9911088),(1566,126,14,'2020-01-23',4,0,57668715,1654545,9911088),(1567,118,14,'2020-01-23',4,0,57668715,1654545,9911088),(1568,119,14,'2020-01-23',4,0,57668715,1654545,9911088),(1569,117,14,'2020-01-23',4,0,57668715,1654545,9911088),(1570,130,14,'2020-01-23',4,0,57668715,1654545,9911088),(1571,127,14,'2020-01-23',4,0,57668715,1654545,9911088),(1572,115,14,'2020-01-23',4,0,57668715,1654545,9911088),(1573,119,14,'2020-01-23',4,0,57668715,1654545,9911088),(1574,120,14,'2020-01-23',4,0,57668715,1654545,9911088),(1575,119,15,'2020-01-23',4,0,58538861,1523451,9911088),(1576,129,15,'2020-01-23',4,0,58538861,1523451,9911088),(1577,103,15,'2020-01-23',4,0,58538861,1523451,9911088),(1578,97,15,'2020-01-23',4,0,58538861,1523451,9911088),(1579,118,15,'2020-01-23',4,0,58538861,1523451,9911088),(1580,98,15,'2020-01-23',4,0,58538861,1523451,9911088),(1581,105,15,'2020-01-23',4,0,58538861,1523451,9911088),(1582,126,15,'2020-01-23',4,0,58538861,1523451,9911088),(1583,122,15,'2020-01-23',4,0,58538861,1523451,9911088),(1584,123,15,'2020-01-23',4,0,58538861,1523451,9911088),(1585,121,15,'2020-01-23',4,0,58538861,1523451,9911088),(1586,135,15,'2020-01-23',4,0,58538861,1523451,9911088),(1587,132,16,'2020-01-23',4,0,60586463,1352887,9911088),(1588,155,16,'2020-01-23',4,0,60586463,1352887,9911088),(1589,134,16,'2020-01-23',4,0,60586463,1352887,9911088),(1590,149,16,'2020-01-23',4,0,60586463,1352887,9911088),(1591,138,16,'2020-01-23',4,0,60586463,1352887,9911088),(1592,155,16,'2020-01-23',4,0,60586463,1352887,9911088),(1593,147,16,'2020-01-23',4,0,60586463,1352887,9911088),(1594,162,16,'2020-01-23',4,0,60586463,1352887,9911088),(1595,142,16,'2020-01-23',4,0,60586463,1352887,9911088),(1596,144,16,'2020-01-23',4,0,60586463,1352887,9911088),(1597,142,16,'2020-01-23',4,0,60586463,1352887,9911088),(1598,134,16,'2020-01-23',4,0,60586463,1352887,9911088),(1599,157,17,'2020-01-23',4,0,63006617,1122638,9911088),(1600,144,17,'2020-01-23',4,0,63006617,1122638,9911088),(1601,145,17,'2020-01-23',4,0,63006617,1122638,9911088),(1602,167,17,'2020-01-23',4,0,63006617,1122638,9911088),(1603,151,17,'2020-01-23',4,0,63006617,1122638,9911088),(1604,217,17,'2020-01-23',4,0,63006617,1122638,9911088),(1605,155,17,'2020-01-23',4,0,63006617,1122638,9911088),(1606,151,17,'2020-01-23',4,0,63006617,1122638,9911088),(1607,162,17,'2020-01-23',4,0,63006617,1122638,9911088),(1608,109,17,'2020-01-23',4,0,63006617,1122638,9911088),(1609,151,17,'2020-01-23',4,0,63006617,1122638,9911088),(1610,167,17,'2020-01-23',4,0,63006617,1122638,9911088),(1611,159,18,'2020-01-23',4,0,55025143,820619,9911088),(1612,156,18,'2020-01-23',4,0,55025143,820619,9911088),(1613,177,18,'2020-01-23',4,0,55025143,820619,9911088),(1614,154,18,'2020-01-23',4,0,55025143,820619,9911088),(1615,168,18,'2020-01-23',4,0,55025143,820619,9911088),(1616,156,18,'2020-01-23',4,0,55025143,820619,9911088),(1617,165,18,'2020-01-23',4,0,55025143,820619,9911088),(1618,158,18,'2020-01-23',4,0,55025143,820619,9911088),(1619,166,18,'2020-01-23',4,0,55025143,820619,9911088),(1620,155,18,'2020-01-23',4,0,55025143,820619,9911088),(1621,168,18,'2020-01-23',4,0,55025143,820619,9911088),(1622,170,18,'2020-01-23',4,0,55025143,820619,9911088),(1623,171,19,'2020-01-23',4,0,37614683,636968,9911088),(1624,160,19,'2020-01-23',4,0,37614683,636968,9911088),(1625,167,19,'2020-01-23',4,0,37614683,636968,9911088),(1626,180,19,'2020-01-23',4,0,37614683,636968,9911088),(1627,174,19,'2020-01-23',4,0,37614683,636968,9911088),(1628,177,19,'2020-01-23',4,0,37614683,636968,9911088),(1629,189,19,'2020-01-23',4,0,37614683,636968,9911088),(1630,183,19,'2020-01-23',4,0,37614683,636968,9911088),(1631,197,19,'2020-01-23',4,0,37614683,636968,9911088),(1632,174,19,'2020-01-23',4,0,37614683,636968,9911088),(1633,180,19,'2020-01-23',4,0,37614683,636968,9911088),(1634,175,19,'2020-01-23',4,0,37614683,636968,9911088),(1635,156,20,'2020-01-23',4,0,29794437,488107,9911088),(1636,180,20,'2020-01-23',4,0,29794437,488107,9911088),(1637,189,20,'2020-01-23',4,0,29794437,488107,9911088),(1638,195,20,'2020-01-23',4,0,29794437,488107,9911088),(1639,201,20,'2020-01-23',4,0,29794437,488107,9911088),(1640,182,20,'2020-01-23',4,0,29794437,488107,9911088),(1641,193,20,'2020-01-23',4,0,29794437,488107,9911088),(1642,197,20,'2020-01-23',4,0,29794437,488107,9911088),(1643,198,20,'2020-01-23',4,0,29794437,488107,9911088),(1644,199,20,'2020-01-23',4,0,29794437,488107,9911088),(1645,190,20,'2020-01-23',4,0,29794437,488107,9911088),(1646,191,20,'2020-01-23',4,0,29794437,488107,9911088),(1647,204,21,'2020-01-23',4,0,22938920,417156,9911088),(1648,187,21,'2020-01-23',4,0,22938920,417156,9911088),(1649,189,21,'2020-01-23',4,0,22938920,417156,9911088),(1650,166,21,'2020-01-23',4,0,22938920,417156,9911088),(1651,163,21,'2020-01-23',4,0,22938920,417156,9911088),(1652,178,21,'2020-01-23',4,0,22938920,417156,9911088),(1653,171,21,'2020-01-23',4,0,22938920,417156,9911088),(1654,188,21,'2020-01-23',4,0,22938920,417156,9911088),(1655,180,21,'2020-01-23',4,0,22938920,417156,9911088),(1656,179,21,'2020-01-23',4,0,22938920,417156,9911088),(1657,170,21,'2020-01-23',4,0,22938920,417156,9911088),(1658,175,21,'2020-01-23',4,0,22938920,417156,9911088),(1659,175,22,'2020-01-23',4,0,15357956,360587,9911088),(1660,188,22,'2020-01-23',4,0,15357956,360587,9911088),(1661,172,22,'2020-01-23',4,0,15357956,360587,9911088),(1662,180,22,'2020-01-23',4,0,15357956,360587,9911088),(1663,174,22,'2020-01-23',4,0,15357956,360587,9911088),(1664,193,22,'2020-01-23',4,0,15357956,360587,9911088),(1665,167,22,'2020-01-23',4,0,15357956,360587,9911088),(1666,184,22,'2020-01-23',4,0,15357956,360587,9911088),(1667,168,22,'2020-01-23',4,0,15357956,360587,9911088),(1668,195,22,'2020-01-23',4,0,15357956,360587,9911088),(1669,251,22,'2020-01-23',4,0,15357956,360587,9911088),(1670,177,22,'2020-01-23',4,0,15357956,360587,9911088),(1671,192,23,'2020-01-23',4,0,9510468,370481,9911088),(1672,187,23,'2020-01-23',4,0,9510468,370481,9911088),(1673,131,23,'2020-01-23',4,0,9510468,370481,9911088),(1674,193,23,'2020-01-23',4,0,9510468,370481,9911088),(1675,168,23,'2020-01-23',4,0,9510468,370481,9911088),(1676,184,23,'2020-01-23',4,0,9510468,370481,9911088),(1677,169,23,'2020-01-23',4,0,9510468,370481,9911088),(1678,188,23,'2020-01-23',4,0,9510468,370481,9911088),(1679,176,23,'2020-01-23',4,0,9510468,370481,9911088),(1680,171,23,'2020-01-23',4,0,9510468,370481,9911088),(1681,145,23,'2020-01-23',4,0,9510468,370481,9911088),(1682,163,23,'2020-01-23',4,0,9510468,370481,9911088);
/*!40000 ALTER TABLE `cdata` ENABLE KEYS */;
UNLOCK TABLES;

--
-- Current Database: `beep_user`
--

CREATE DATABASE /*!32312 IF NOT EXISTS*/ `beep_user` /*!40100 DEFAULT CHARACTER SET utf8 */ /*!80016 DEFAULT ENCRYPTION='N' */;

USE `beep_user`;

--
-- Table structure for table `buser`
--

DROP TABLE IF EXISTS `buser`;
/*!40101 SET @saved_cs_client     = @@character_set_client */;
/*!50503 SET character_set_client = utf8mb4 */;
CREATE TABLE `buser` (
  `buid` varchar(30) NOT NULL,
  `upw` varchar(45) DEFAULT NULL,
  `uname` varchar(45) DEFAULT NULL,
  `uemail` varchar(45) DEFAULT NULL,
  `utaltoedate` datetime DEFAULT NULL,
  PRIMARY KEY (`buid`),
  UNIQUE KEY `buid_UNIQUE` (`buid`),
  UNIQUE KEY `uemail_UNIQUE` (`uemail`)
) ENGINE=InnoDB DEFAULT CHARSET=utf8;
/*!40101 SET character_set_client = @saved_cs_client */;

--
-- Dumping data for table `buser`
--

LOCK TABLES `buser` WRITE;
/*!40000 ALTER TABLE `buser` DISABLE KEYS */;
INSERT INTO `buser` VALUES ('aa','aa','aa','aa',NULL),('aaa','1234','','anes010@naver.com',NULL),('bbb','@qwer1234','d','aaa@naver.com',NULL);
/*!40000 ALTER TABLE `buser` ENABLE KEYS */;
UNLOCK TABLES;

--
-- Table structure for table `history`
--

DROP TABLE IF EXISTS `history`;
/*!40101 SET @saved_cs_client     = @@character_set_client */;
/*!50503 SET character_set_client = utf8mb4 */;
CREATE TABLE `history` (
  `hid` int(11) NOT NULL AUTO_INCREMENT,
  `hpredict` varchar(60) DEFAULT NULL,
  `hstart` int(11) DEFAULT NULL,
  `htraffic1` int(11) DEFAULT NULL,
  `htraffic2` int(11) DEFAULT NULL,
  `hspop` int(11) DEFAULT NULL,
  `buser_buid` varchar(30) NOT NULL,
  PRIMARY KEY (`hid`),
  KEY `fk_history_buser_idx` (`buser_buid`),
  CONSTRAINT `fk_history_buser` FOREIGN KEY (`buser_buid`) REFERENCES `buser` (`buid`)
) ENGINE=InnoDB AUTO_INCREMENT=18 DEFAULT CHARSET=utf8;
/*!40101 SET character_set_client = @saved_cs_client */;

--
-- Dumping data for table `history`
--

LOCK TABLES `history` WRITE;
/*!40000 ALTER TABLE `history` DISABLE KEYS */;
INSERT INTO `history` VALUES (4,'70~72',9,3000,3000,1000,'aaa'),(6,'88~106',2,1000,1000,1000000,'aaa'),(7,'-387~-363',4,1999,1999,11111,'aaa'),(8,'66~90',6,1200000,500000,9911099,'aaa'),(10,'74~106',0,2000000,2000000,3200000,'aaa'),(11,'129~160',23,20000000,6000000,50000000,'aaa'),(12,'73~105',2,1000000,1000000,2000000,'aaa'),(13,'74~105',0,1111111,111111,10000000,'aaa'),(14,'74~105',0,1231231,66666,9999999,'aa'),(15,'83~115',0,50000000,2000000,10000000,'aa'),(16,'105~137',0,12312312,123123,123123123,'aa'),(17,'73~105',0,1155555,55555,99999999,'aa');
/*!40000 ALTER TABLE `history` ENABLE KEYS */;
UNLOCK TABLES;
/*!40103 SET TIME_ZONE=@OLD_TIME_ZONE */;

/*!40101 SET SQL_MODE=@OLD_SQL_MODE */;
/*!40014 SET FOREIGN_KEY_CHECKS=@OLD_FOREIGN_KEY_CHECKS */;
/*!40014 SET UNIQUE_CHECKS=@OLD_UNIQUE_CHECKS */;
/*!40101 SET CHARACTER_SET_CLIENT=@OLD_CHARACTER_SET_CLIENT */;
/*!40101 SET CHARACTER_SET_RESULTS=@OLD_CHARACTER_SET_RESULTS */;
/*!40101 SET COLLATION_CONNECTION=@OLD_COLLATION_CONNECTION */;
/*!40111 SET SQL_NOTES=@OLD_SQL_NOTES */;

-- Dump completed on 2022-07-07 21:26:20
